id,prediction
001_0_0,0
001_0_16,1
001_0_32,1
001_0_48,1
001_0_64,0
001_0_80,0
001_0_96,1
001_0_112,0
001_0_128,0
001_0_144,1
001_0_160,1
001_0_176,1
001_0_192,1
001_0_208,1
001_0_224,1
001_0_240,1
001_0_256,1
001_0_272,1
001_0_288,1
001_0_304,1
001_0_320,1
001_0_336,1
001_0_352,1
001_0_368,1
001_0_384,1
001_0_400,1
001_0_416,1
001_0_432,1
001_0_448,1
001_0_464,1
001_0_480,1
001_0_496,1
001_0_512,1
001_0_528,1
001_0_544,1
001_0_560,1
001_0_576,1
001_0_592,1
001_16_0,1
001_16_16,1
001_16_32,1
001_16_48,1
001_16_64,0
001_16_80,0
001_16_96,0
001_16_112,0
001_16_128,0
001_16_144,1
001_16_160,0
001_16_176,0
001_16_192,0
001_16_208,0
001_16_224,0
001_16_240,0
001_16_256,0
001_16_272,0
001_16_288,0
001_16_304,0
001_16_320,0
001_16_336,0
001_16_352,0
001_16_368,0
001_16_384,0
001_16_400,0
001_16_416,0
001_16_432,0
001_16_448,0
001_16_464,0
001_16_480,0
001_16_496,0
001_16_512,0
001_16_528,0
001_16_544,1
001_16_560,1
001_16_576,1
001_16_592,1
001_32_0,1
001_32_16,1
001_32_32,1
001_32_48,1
001_32_64,0
001_32_80,0
001_32_96,0
001_32_112,0
001_32_128,0
001_32_144,1
001_32_160,0
001_32_176,0
001_32_192,0
001_32_208,0
001_32_224,0
001_32_240,0
001_32_256,0
001_32_272,0
001_32_288,0
001_32_304,0
001_32_320,0
001_32_336,0
001_32_352,0
001_32_368,0
001_32_384,0
001_32_400,0
001_32_416,0
001_32_432,0
001_32_448,0
001_32_464,0
001_32_480,0
001_32_496,0
001_32_512,0
001_32_528,0
001_32_544,0
001_32_560,1
001_32_576,1
001_32_592,1
001_48_0,0
001_48_16,1
001_48_32,1
001_48_48,1
001_48_64,0
001_48_80,0
001_48_96,0
001_48_112,0
001_48_128,0
001_48_144,1
001_48_160,0
001_48_176,0
001_48_192,0
001_48_208,0
001_48_224,0
001_48_240,0
001_48_256,0
001_48_272,0
001_48_288,0
001_48_304,0
001_48_320,0
001_48_336,0
001_48_352,0
001_48_368,0
001_48_384,0
001_48_400,0
001_48_416,0
001_48_432,0
001_48_448,0
001_48_464,0
001_48_480,0
001_48_496,0
001_48_512,0
001_48_528,0
001_48_544,0
001_48_560,0
001_48_576,1
001_48_592,1
001_64_0,0
001_64_16,1
001_64_32,1
001_64_48,1
001_64_64,0
001_64_80,0
001_64_96,0
001_64_112,0
001_64_128,0
001_64_144,0
001_64_160,0
001_64_176,0
001_64_192,0
001_64_208,0
001_64_224,0
001_64_240,0
001_64_256,0
001_64_272,0
001_64_288,0
001_64_304,0
001_64_320,0
001_64_336,0
001_64_352,0
001_64_368,0
001_64_384,0
001_64_400,0
001_64_416,0
001_64_432,0
001_64_448,0
001_64_464,0
001_64_480,0
001_64_496,0
001_64_512,0
001_64_528,0
001_64_544,0
001_64_560,1
001_64_576,1
001_64_592,1
001_80_0,0
001_80_16,1
001_80_32,1
001_80_48,1
001_80_64,0
001_80_80,0
001_80_96,0
001_80_112,0
001_80_128,0
001_80_144,0
001_80_160,0
001_80_176,0
001_80_192,0
001_80_208,0
001_80_224,0
001_80_240,0
001_80_256,0
001_80_272,0
001_80_288,0
001_80_304,0
001_80_320,0
001_80_336,0
001_80_352,0
001_80_368,0
001_80_384,0
001_80_400,0
001_80_416,0
001_80_432,0
001_80_448,0
001_80_464,0
001_80_480,0
001_80_496,0
001_80_512,0
001_80_528,0
001_80_544,0
001_80_560,1
001_80_576,1
001_80_592,1
001_96_0,1
001_96_16,1
001_96_32,1
001_96_48,1
001_96_64,0
001_96_80,0
001_96_96,0
001_96_112,0
001_96_128,0
001_96_144,1
001_96_160,0
001_96_176,0
001_96_192,0
001_96_208,0
001_96_224,0
001_96_240,0
001_96_256,0
001_96_272,0
001_96_288,0
001_96_304,0
001_96_320,0
001_96_336,0
001_96_352,0
001_96_368,0
001_96_384,0
001_96_400,0
001_96_416,0
001_96_432,0
001_96_448,0
001_96_464,0
001_96_480,0
001_96_496,0
001_96_512,0
001_96_528,0
001_96_544,0
001_96_560,1
001_96_576,1
001_96_592,1
001_112_0,1
001_112_16,1
001_112_32,1
001_112_48,1
001_112_64,1
001_112_80,1
001_112_96,1
001_112_112,0
001_112_128,0
001_112_144,1
001_112_160,0
001_112_176,0
001_112_192,0
001_112_208,0
001_112_224,0
001_112_240,0
001_112_256,0
001_112_272,0
001_112_288,0
001_112_304,0
001_112_320,0
001_112_336,0
001_112_352,0
001_112_368,0
001_112_384,0
001_112_400,0
001_112_416,0
001_112_432,0
001_112_448,0
001_112_464,0
001_112_480,0
001_112_496,0
001_112_512,0
001_112_528,0
001_112_544,0
001_112_560,1
001_112_576,1
001_112_592,1
001_128_0,1
001_128_16,1
001_128_32,1
001_128_48,1
001_128_64,1
001_128_80,1
001_128_96,1
001_128_112,1
001_128_128,1
001_128_144,1
001_128_160,1
001_128_176,1
001_128_192,1
001_128_208,1
001_128_224,1
001_128_240,1
001_128_256,1
001_128_272,1
001_128_288,1
001_128_304,1
001_128_320,1
001_128_336,1
001_128_352,1
001_128_368,1
001_128_384,1
001_128_400,1
001_128_416,1
001_128_432,1
001_128_448,1
001_128_464,1
001_128_480,1
001_128_496,1
001_128_512,1
001_128_528,1
001_128_544,1
001_128_560,1
001_128_576,1
001_128_592,1
001_144_0,1
001_144_16,1
001_144_32,1
001_144_48,1
001_144_64,1
001_144_80,1
001_144_96,1
001_144_112,1
001_144_128,1
001_144_144,1
001_144_160,1
001_144_176,1
001_144_192,1
001_144_208,1
001_144_224,1
001_144_240,1
001_144_256,1
001_144_272,1
001_144_288,1
001_144_304,1
001_144_320,1
001_144_336,1
001_144_352,1
001_144_368,1
001_144_384,1
001_144_400,1
001_144_416,1
001_144_432,1
001_144_448,1
001_144_464,1
001_144_480,1
001_144_496,1
001_144_512,1
001_144_528,1
001_144_544,1
001_144_560,1
001_144_576,1
001_144_592,1
001_160_0,0
001_160_16,1
001_160_32,1
001_160_48,1
001_160_64,0
001_160_80,0
001_160_96,0
001_160_112,0
001_160_128,0
001_160_144,1
001_160_160,0
001_160_176,0
001_160_192,0
001_160_208,0
001_160_224,0
001_160_240,0
001_160_256,0
001_160_272,0
001_160_288,0
001_160_304,0
001_160_320,0
001_160_336,0
001_160_352,0
001_160_368,0
001_160_384,0
001_160_400,0
001_160_416,0
001_160_432,0
001_160_448,0
001_160_464,0
001_160_480,0
001_160_496,0
001_160_512,0
001_160_528,1
001_160_544,1
001_160_560,1
001_160_576,1
001_160_592,1
001_176_0,1
001_176_16,1
001_176_32,1
001_176_48,1
001_176_64,0
001_176_80,0
001_176_96,0
001_176_112,0
001_176_128,0
001_176_144,1
001_176_160,0
001_176_176,0
001_176_192,0
001_176_208,0
001_176_224,0
001_176_240,0
001_176_256,0
001_176_272,0
001_176_288,0
001_176_304,0
001_176_320,0
001_176_336,0
001_176_352,0
001_176_368,0
001_176_384,0
001_176_400,0
001_176_416,0
001_176_432,0
001_176_448,0
001_176_464,0
001_176_480,0
001_176_496,0
001_176_512,0
001_176_528,0
001_176_544,0
001_176_560,1
001_176_576,1
001_176_592,1
001_192_0,1
001_192_16,1
001_192_32,1
001_192_48,1
001_192_64,0
001_192_80,0
001_192_96,0
001_192_112,0
001_192_128,0
001_192_144,1
001_192_160,0
001_192_176,0
001_192_192,0
001_192_208,0
001_192_224,0
001_192_240,0
001_192_256,0
001_192_272,0
001_192_288,0
001_192_304,0
001_192_320,0
001_192_336,0
001_192_352,0
001_192_368,0
001_192_384,0
001_192_400,0
001_192_416,0
001_192_432,0
001_192_448,0
001_192_464,0
001_192_480,0
001_192_496,0
001_192_512,0
001_192_528,0
001_192_544,0
001_192_560,1
001_192_576,1
001_192_592,1
001_208_0,1
001_208_16,1
001_208_32,1
001_208_48,1
001_208_64,0
001_208_80,0
001_208_96,0
001_208_112,0
001_208_128,0
001_208_144,1
001_208_160,0
001_208_176,0
001_208_192,0
001_208_208,0
001_208_224,0
001_208_240,0
001_208_256,0
001_208_272,0
001_208_288,0
001_208_304,0
001_208_320,0
001_208_336,0
001_208_352,0
001_208_368,0
001_208_384,0
001_208_400,0
001_208_416,0
001_208_432,0
001_208_448,0
001_208_464,0
001_208_480,0
001_208_496,0
001_208_512,0
001_208_528,0
001_208_544,0
001_208_560,1
001_208_576,1
001_208_592,1
001_224_0,1
001_224_16,1
001_224_32,1
001_224_48,1
001_224_64,0
001_224_80,0
001_224_96,0
001_224_112,0
001_224_128,0
001_224_144,1
001_224_160,0
001_224_176,0
001_224_192,0
001_224_208,0
001_224_224,0
001_224_240,0
001_224_256,0
001_224_272,0
001_224_288,0
001_224_304,0
001_224_320,0
001_224_336,0
001_224_352,0
001_224_368,0
001_224_384,0
001_224_400,0
001_224_416,0
001_224_432,0
001_224_448,0
001_224_464,0
001_224_480,0
001_224_496,0
001_224_512,0
001_224_528,0
001_224_544,0
001_224_560,1
001_224_576,1
001_224_592,1
001_240_0,1
001_240_16,1
001_240_32,1
001_240_48,1
001_240_64,0
001_240_80,0
001_240_96,0
001_240_112,0
001_240_128,0
001_240_144,1
001_240_160,0
001_240_176,0
001_240_192,0
001_240_208,0
001_240_224,0
001_240_240,0
001_240_256,0
001_240_272,0
001_240_288,0
001_240_304,0
001_240_320,0
001_240_336,0
001_240_352,0
001_240_368,0
001_240_384,0
001_240_400,0
001_240_416,0
001_240_432,0
001_240_448,0
001_240_464,0
001_240_480,0
001_240_496,0
001_240_512,0
001_240_528,0
001_240_544,0
001_240_560,1
001_240_576,1
001_240_592,1
001_256_0,1
001_256_16,1
001_256_32,1
001_256_48,1
001_256_64,0
001_256_80,0
001_256_96,0
001_256_112,0
001_256_128,0
001_256_144,1
001_256_160,0
001_256_176,0
001_256_192,0
001_256_208,0
001_256_224,0
001_256_240,0
001_256_256,0
001_256_272,0
001_256_288,0
001_256_304,0
001_256_320,0
001_256_336,0
001_256_352,0
001_256_368,0
001_256_384,0
001_256_400,0
001_256_416,0
001_256_432,0
001_256_448,0
001_256_464,0
001_256_480,0
001_256_496,0
001_256_512,0
001_256_528,0
001_256_544,0
001_256_560,1
001_256_576,1
001_256_592,1
001_272_0,1
001_272_16,1
001_272_32,1
001_272_48,1
001_272_64,0
001_272_80,0
001_272_96,0
001_272_112,0
001_272_128,0
001_272_144,1
001_272_160,1
001_272_176,1
001_272_192,1
001_272_208,1
001_272_224,1
001_272_240,1
001_272_256,1
001_272_272,1
001_272_288,1
001_272_304,1
001_272_320,1
001_272_336,1
001_272_352,1
001_272_368,1
001_272_384,1
001_272_400,1
001_272_416,1
001_272_432,1
001_272_448,1
001_272_464,1
001_272_480,1
001_272_496,1
001_272_512,1
001_272_528,1
001_272_544,1
001_272_560,1
001_272_576,1
001_272_592,1
001_288_0,1
001_288_16,1
001_288_32,1
001_288_48,1
001_288_64,0
001_288_80,0
001_288_96,0
001_288_112,0
001_288_128,0
001_288_144,1
001_288_160,0
001_288_176,0
001_288_192,0
001_288_208,0
001_288_224,0
001_288_240,0
001_288_256,0
001_288_272,0
001_288_288,0
001_288_304,0
001_288_320,0
001_288_336,0
001_288_352,0
001_288_368,0
001_288_384,0
001_288_400,0
001_288_416,0
001_288_432,1
001_288_448,1
001_288_464,1
001_288_480,1
001_288_496,1
001_288_512,1
001_288_528,1
001_288_544,1
001_288_560,1
001_288_576,1
001_288_592,1
001_304_0,1
001_304_16,1
001_304_32,1
001_304_48,1
001_304_64,0
001_304_80,0
001_304_96,0
001_304_112,0
001_304_128,0
001_304_144,1
001_304_160,0
001_304_176,0
001_304_192,0
001_304_208,0
001_304_224,0
001_304_240,0
001_304_256,0
001_304_272,0
001_304_288,0
001_304_304,0
001_304_320,0
001_304_336,0
001_304_352,0
001_304_368,0
001_304_384,0
001_304_400,0
001_304_416,0
001_304_432,0
001_304_448,0
001_304_464,0
001_304_480,0
001_304_496,0
001_304_512,0
001_304_528,0
001_304_544,0
001_304_560,1
001_304_576,1
001_304_592,1
001_320_0,1
001_320_16,1
001_320_32,1
001_320_48,1
001_320_64,0
001_320_80,0
001_320_96,0
001_320_112,0
001_320_128,0
001_320_144,1
001_320_160,0
001_320_176,0
001_320_192,0
001_320_208,0
001_320_224,0
001_320_240,0
001_320_256,0
001_320_272,0
001_320_288,0
001_320_304,0
001_320_320,0
001_320_336,0
001_320_352,0
001_320_368,0
001_320_384,0
001_320_400,0
001_320_416,0
001_320_432,0
001_320_448,0
001_320_464,0
001_320_480,0
001_320_496,0
001_320_512,0
001_320_528,0
001_320_544,0
001_320_560,1
001_320_576,1
001_320_592,1
001_336_0,1
001_336_16,1
001_336_32,1
001_336_48,1
001_336_64,0
001_336_80,0
001_336_96,0
001_336_112,0
001_336_128,0
001_336_144,1
001_336_160,0
001_336_176,0
001_336_192,0
001_336_208,0
001_336_224,0
001_336_240,0
001_336_256,0
001_336_272,0
001_336_288,0
001_336_304,0
001_336_320,0
001_336_336,0
001_336_352,0
001_336_368,0
001_336_384,0
001_336_400,0
001_336_416,0
001_336_432,0
001_336_448,0
001_336_464,0
001_336_480,0
001_336_496,0
001_336_512,0
001_336_528,0
001_336_544,0
001_336_560,1
001_336_576,1
001_336_592,1
001_352_0,1
001_352_16,1
001_352_32,1
001_352_48,1
001_352_64,0
001_352_80,0
001_352_96,1
001_352_112,1
001_352_128,0
001_352_144,1
001_352_160,0
001_352_176,0
001_352_192,0
001_352_208,0
001_352_224,0
001_352_240,0
001_352_256,0
001_352_272,0
001_352_288,0
001_352_304,0
001_352_320,0
001_352_336,0
001_352_352,0
001_352_368,0
001_352_384,0
001_352_400,0
001_352_416,0
001_352_432,0
001_352_448,0
001_352_464,0
001_352_480,0
001_352_496,0
001_352_512,0
001_352_528,0
001_352_544,0
001_352_560,1
001_352_576,1
001_352_592,1
001_368_0,1
001_368_16,1
001_368_32,1
001_368_48,1
001_368_64,0
001_368_80,0
001_368_96,0
001_368_112,1
001_368_128,1
001_368_144,1
001_368_160,0
001_368_176,0
001_368_192,0
001_368_208,0
001_368_224,0
001_368_240,0
001_368_256,0
001_368_272,0
001_368_288,0
001_368_304,0
001_368_320,0
001_368_336,0
001_368_352,0
001_368_368,0
001_368_384,0
001_368_400,0
001_368_416,0
001_368_432,0
001_368_448,0
001_368_464,0
001_368_480,0
001_368_496,0
001_368_512,0
001_368_528,0
001_368_544,0
001_368_560,1
001_368_576,1
001_368_592,1
001_384_0,1
001_384_16,1
001_384_32,1
001_384_48,1
001_384_64,0
001_384_80,0
001_384_96,1
001_384_112,1
001_384_128,1
001_384_144,1
001_384_160,0
001_384_176,0
001_384_192,0
001_384_208,0
001_384_224,0
001_384_240,0
001_384_256,0
001_384_272,0
001_384_288,0
001_384_304,0
001_384_320,0
001_384_336,0
001_384_352,0
001_384_368,0
001_384_384,0
001_384_400,0
001_384_416,0
001_384_432,0
001_384_448,0
001_384_464,0
001_384_480,0
001_384_496,0
001_384_512,0
001_384_528,0
001_384_544,0
001_384_560,1
001_384_576,1
001_384_592,1
001_400_0,1
001_400_16,1
001_400_32,1
001_400_48,1
001_400_64,1
001_400_80,1
001_400_96,1
001_400_112,1
001_400_128,1
001_400_144,1
001_400_160,1
001_400_176,1
001_400_192,1
001_400_208,1
001_400_224,1
001_400_240,1
001_400_256,1
001_400_272,1
001_400_288,1
001_400_304,1
001_400_320,1
001_400_336,1
001_400_352,1
001_400_368,1
001_400_384,1
001_400_400,1
001_400_416,1
001_400_432,1
001_400_448,1
001_400_464,1
001_400_480,1
001_400_496,1
001_400_512,1
001_400_528,1
001_400_544,1
001_400_560,1
001_400_576,1
001_400_592,1
001_416_0,1
001_416_16,1
001_416_32,1
001_416_48,1
001_416_64,1
001_416_80,1
001_416_96,1
001_416_112,1
001_416_128,1
001_416_144,1
001_416_160,1
001_416_176,1
001_416_192,1
001_416_208,1
001_416_224,1
001_416_240,1
001_416_256,1
001_416_272,1
001_416_288,1
001_416_304,1
001_416_320,1
001_416_336,1
001_416_352,1
001_416_368,1
001_416_384,1
001_416_400,1
001_416_416,1
001_416_432,1
001_416_448,1
001_416_464,1
001_416_480,1
001_416_496,1
001_416_512,1
001_416_528,1
001_416_544,1
001_416_560,1
001_416_576,1
001_416_592,1
001_432_0,1
001_432_16,1
001_432_32,1
001_432_48,1
001_432_64,1
001_432_80,1
001_432_96,0
001_432_112,1
001_432_128,0
001_432_144,0
001_432_160,1
001_432_176,1
001_432_192,0
001_432_208,0
001_432_224,0
001_432_240,0
001_432_256,1
001_432_272,1
001_432_288,1
001_432_304,1
001_432_320,1
001_432_336,1
001_432_352,1
001_432_368,1
001_432_384,1
001_432_400,1
001_432_416,1
001_432_432,1
001_432_448,1
001_432_464,1
001_432_480,1
001_432_496,1
001_432_512,1
001_432_528,1
001_432_544,1
001_432_560,1
001_432_576,1
001_432_592,1
001_448_0,1
001_448_16,1
001_448_32,1
001_448_48,1
001_448_64,1
001_448_80,1
001_448_96,1
001_448_112,0
001_448_128,0
001_448_144,0
001_448_160,1
001_448_176,0
001_448_192,0
001_448_208,0
001_448_224,0
001_448_240,0
001_448_256,1
001_448_272,1
001_448_288,0
001_448_304,0
001_448_320,0
001_448_336,0
001_448_352,0
001_448_368,0
001_448_384,0
001_448_400,0
001_448_416,0
001_448_432,0
001_448_448,0
001_448_464,0
001_448_480,0
001_448_496,0
001_448_512,0
001_448_528,0
001_448_544,0
001_448_560,1
001_448_576,1
001_448_592,0
001_464_0,1
001_464_16,1
001_464_32,1
001_464_48,1
001_464_64,1
001_464_80,1
001_464_96,1
001_464_112,0
001_464_128,0
001_464_144,0
001_464_160,1
001_464_176,0
001_464_192,0
001_464_208,0
001_464_224,0
001_464_240,0
001_464_256,1
001_464_272,1
001_464_288,0
001_464_304,0
001_464_320,0
001_464_336,0
001_464_352,0
001_464_368,0
001_464_384,0
001_464_400,0
001_464_416,0
001_464_432,0
001_464_448,0
001_464_464,0
001_464_480,0
001_464_496,0
001_464_512,0
001_464_528,0
001_464_544,0
001_464_560,1
001_464_576,1
001_464_592,0
001_480_0,1
001_480_16,1
001_480_32,1
001_480_48,1
001_480_64,0
001_480_80,0
001_480_96,0
001_480_112,0
001_480_128,0
001_480_144,0
001_480_160,1
001_480_176,0
001_480_192,0
001_480_208,0
001_480_224,0
001_480_240,0
001_480_256,1
001_480_272,1
001_480_288,0
001_480_304,0
001_480_320,0
001_480_336,0
001_480_352,0
001_480_368,0
001_480_384,0
001_480_400,0
001_480_416,0
001_480_432,0
001_480_448,0
001_480_464,0
001_480_480,0
001_480_496,0
001_480_512,0
001_480_528,0
001_480_544,0
001_480_560,1
001_480_576,1
001_480_592,0
001_496_0,1
001_496_16,1
001_496_32,1
001_496_48,1
001_496_64,0
001_496_80,0
001_496_96,1
001_496_112,1
001_496_128,0
001_496_144,0
001_496_160,1
001_496_176,0
001_496_192,0
001_496_208,0
001_496_224,0
001_496_240,0
001_496_256,0
001_496_272,0
001_496_288,0
001_496_304,0
001_496_320,0
001_496_336,0
001_496_352,0
001_496_368,0
001_496_384,0
001_496_400,0
001_496_416,0
001_496_432,0
001_496_448,0
001_496_464,0
001_496_480,0
001_496_496,0
001_496_512,0
001_496_528,0
001_496_544,0
001_496_560,1
001_496_576,1
001_496_592,0
001_512_0,1
001_512_16,1
001_512_32,1
001_512_48,0
001_512_64,0
001_512_80,1
001_512_96,1
001_512_112,1
001_512_128,1
001_512_144,0
001_512_160,1
001_512_176,1
001_512_192,1
001_512_208,0
001_512_224,0
001_512_240,0
001_512_256,0
001_512_272,0
001_512_288,0
001_512_304,0
001_512_320,0
001_512_336,0
001_512_352,0
001_512_368,0
001_512_384,0
001_512_400,0
001_512_416,0
001_512_432,0
001_512_448,0
001_512_464,0
001_512_480,0
001_512_496,0
001_512_512,0
001_512_528,0
001_512_544,0
001_512_560,1
001_512_576,1
001_512_592,0
001_528_0,1
001_528_16,1
001_528_32,1
001_528_48,1
001_528_64,0
001_528_80,1
001_528_96,1
001_528_112,1
001_528_128,1
001_528_144,0
001_528_160,1
001_528_176,1
001_528_192,1
001_528_208,1
001_528_224,1
001_528_240,1
001_528_256,1
001_528_272,1
001_528_288,1
001_528_304,1
001_528_320,1
001_528_336,1
001_528_352,1
001_528_368,1
001_528_384,1
001_528_400,1
001_528_416,1
001_528_432,1
001_528_448,1
001_528_464,1
001_528_480,1
001_528_496,1
001_528_512,1
001_528_528,1
001_528_544,1
001_528_560,1
001_528_576,1
001_528_592,1
001_544_0,1
001_544_16,1
001_544_32,1
001_544_48,1
001_544_64,0
001_544_80,1
001_544_96,1
001_544_112,1
001_544_128,1
001_544_144,0
001_544_160,1
001_544_176,0
001_544_192,0
001_544_208,0
001_544_224,0
001_544_240,0
001_544_256,0
001_544_272,0
001_544_288,0
001_544_304,0
001_544_320,0
001_544_336,0
001_544_352,0
001_544_368,0
001_544_384,0
001_544_400,0
001_544_416,0
001_544_432,0
001_544_448,0
001_544_464,0
001_544_480,0
001_544_496,0
001_544_512,0
001_544_528,0
001_544_544,1
001_544_560,1
001_544_576,1
001_544_592,0
001_560_0,1
001_560_16,1
001_560_32,1
001_560_48,1
001_560_64,1
001_560_80,1
001_560_96,1
001_560_112,0
001_560_128,0
001_560_144,0
001_560_160,1
001_560_176,0
001_560_192,0
001_560_208,0
001_560_224,0
001_560_240,0
001_560_256,0
001_560_272,0
001_560_288,1
001_560_304,0
001_560_320,0
001_560_336,0
001_560_352,0
001_560_368,0
001_560_384,0
001_560_400,0
001_560_416,0
001_560_432,0
001_560_448,0
001_560_464,0
001_560_480,0
001_560_496,0
001_560_512,0
001_560_528,0
001_560_544,0
001_560_560,1
001_560_576,1
001_560_592,0
001_576_0,1
001_576_16,1
001_576_32,1
001_576_48,1
001_576_64,1
001_576_80,1
001_576_96,0
001_576_112,0
001_576_128,0
001_576_144,0
001_576_160,1
001_576_176,0
001_576_192,0
001_576_208,0
001_576_224,0
001_576_240,0
001_576_256,0
001_576_272,0
001_576_288,0
001_576_304,0
001_576_320,0
001_576_336,0
001_576_352,0
001_576_368,0
001_576_384,0
001_576_400,0
001_576_416,0
001_576_432,0
001_576_448,0
001_576_464,0
001_576_480,0
001_576_496,0
001_576_512,0
001_576_528,0
001_576_544,1
001_576_560,1
001_576_576,1
001_576_592,0
001_592_0,1
001_592_16,1
001_592_32,1
001_592_48,1
001_592_64,0
001_592_80,0
001_592_96,1
001_592_112,0
001_592_128,1
001_592_144,0
001_592_160,1
001_592_176,0
001_592_192,0
001_592_208,0
001_592_224,0
001_592_240,0
001_592_256,0
001_592_272,0
001_592_288,0
001_592_304,0
001_592_320,0
001_592_336,0
001_592_352,0
001_592_368,0
001_592_384,0
001_592_400,0
001_592_416,0
001_592_432,0
001_592_448,0
001_592_464,0
001_592_480,0
001_592_496,0
001_592_512,0
001_592_528,0
001_592_544,1
001_592_560,1
001_592_576,1
001_592_592,0
002_0_0,1
002_0_16,1
002_0_32,1
002_0_48,0
002_0_64,0
002_0_80,0
002_0_96,0
002_0_112,0
002_0_128,0
002_0_144,1
002_0_160,1
002_0_176,0
002_0_192,0
002_0_208,0
002_0_224,0
002_0_240,0
002_0_256,0
002_0_272,0
002_0_288,0
002_0_304,0
002_0_320,0
002_0_336,0
002_0_352,0
002_0_368,0
002_0_384,0
002_0_400,0
002_0_416,0
002_0_432,0
002_0_448,0
002_0_464,0
002_0_480,0
002_0_496,0
002_0_512,0
002_0_528,0
002_0_544,1
002_0_560,1
002_0_576,1
002_0_592,0
002_16_0,1
002_16_16,1
002_16_32,1
002_16_48,0
002_16_64,0
002_16_80,0
002_16_96,0
002_16_112,0
002_16_128,0
002_16_144,0
002_16_160,0
002_16_176,0
002_16_192,1
002_16_208,1
002_16_224,0
002_16_240,0
002_16_256,0
002_16_272,0
002_16_288,0
002_16_304,0
002_16_320,0
002_16_336,0
002_16_352,0
002_16_368,0
002_16_384,0
002_16_400,0
002_16_416,0
002_16_432,0
002_16_448,0
002_16_464,0
002_16_480,0
002_16_496,0
002_16_512,0
002_16_528,0
002_16_544,1
002_16_560,1
002_16_576,1
002_16_592,0
002_32_0,1
002_32_16,1
002_32_32,1
002_32_48,0
002_32_64,0
002_32_80,0
002_32_96,0
002_32_112,0
002_32_128,0
002_32_144,0
002_32_160,0
002_32_176,0
002_32_192,1
002_32_208,0
002_32_224,0
002_32_240,0
002_32_256,0
002_32_272,0
002_32_288,0
002_32_304,0
002_32_320,0
002_32_336,0
002_32_352,0
002_32_368,0
002_32_384,0
002_32_400,0
002_32_416,0
002_32_432,0
002_32_448,0
002_32_464,0
002_32_480,0
002_32_496,0
002_32_512,0
002_32_528,0
002_32_544,1
002_32_560,1
002_32_576,1
002_32_592,0
002_48_0,1
002_48_16,1
002_48_32,1
002_48_48,0
002_48_64,0
002_48_80,0
002_48_96,0
002_48_112,0
002_48_128,0
002_48_144,0
002_48_160,0
002_48_176,0
002_48_192,1
002_48_208,0
002_48_224,0
002_48_240,0
002_48_256,0
002_48_272,0
002_48_288,0
002_48_304,0
002_48_320,1
002_48_336,0
002_48_352,0
002_48_368,0
002_48_384,0
002_48_400,0
002_48_416,0
002_48_432,0
002_48_448,0
002_48_464,0
002_48_480,0
002_48_496,0
002_48_512,0
002_48_528,0
002_48_544,0
002_48_560,0
002_48_576,0
002_48_592,0
002_64_0,1
002_64_16,1
002_64_32,1
002_64_48,0
002_64_64,0
002_64_80,0
002_64_96,0
002_64_112,0
002_64_128,0
002_64_144,0
002_64_160,0
002_64_176,0
002_64_192,1
002_64_208,0
002_64_224,0
002_64_240,0
002_64_256,0
002_64_272,0
002_64_288,0
002_64_304,0
002_64_320,0
002_64_336,0
002_64_352,0
002_64_368,1
002_64_384,0
002_64_400,0
002_64_416,0
002_64_432,0
002_64_448,0
002_64_464,0
002_64_480,0
002_64_496,0
002_64_512,0
002_64_528,0
002_64_544,0
002_64_560,0
002_64_576,0
002_64_592,0
002_80_0,1
002_80_16,1
002_80_32,1
002_80_48,0
002_80_64,0
002_80_80,0
002_80_96,0
002_80_112,0
002_80_128,0
002_80_144,0
002_80_160,0
002_80_176,0
002_80_192,1
002_80_208,1
002_80_224,0
002_80_240,0
002_80_256,0
002_80_272,0
002_80_288,0
002_80_304,0
002_80_320,0
002_80_336,0
002_80_352,1
002_80_368,0
002_80_384,0
002_80_400,0
002_80_416,0
002_80_432,0
002_80_448,0
002_80_464,0
002_80_480,0
002_80_496,0
002_80_512,0
002_80_528,0
002_80_544,0
002_80_560,0
002_80_576,0
002_80_592,0
002_96_0,1
002_96_16,1
002_96_32,0
002_96_48,0
002_96_64,0
002_96_80,0
002_96_96,0
002_96_112,0
002_96_128,0
002_96_144,0
002_96_160,0
002_96_176,0
002_96_192,1
002_96_208,1
002_96_224,0
002_96_240,0
002_96_256,0
002_96_272,0
002_96_288,0
002_96_304,1
002_96_320,0
002_96_336,0
002_96_352,1
002_96_368,0
002_96_384,0
002_96_400,0
002_96_416,0
002_96_432,0
002_96_448,1
002_96_464,0
002_96_480,0
002_96_496,0
002_96_512,0
002_96_528,0
002_96_544,0
002_96_560,0
002_96_576,0
002_96_592,0
002_112_0,1
002_112_16,1
002_112_32,0
002_112_48,0
002_112_64,0
002_112_80,0
002_112_96,0
002_112_112,0
002_112_128,0
002_112_144,0
002_112_160,0
002_112_176,0
002_112_192,1
002_112_208,0
002_112_224,0
002_112_240,1
002_112_256,0
002_112_272,0
002_112_288,0
002_112_304,1
002_112_320,1
002_112_336,0
002_112_352,1
002_112_368,1
002_112_384,1
002_112_400,0
002_112_416,0
002_112_432,0
002_112_448,0
002_112_464,0
002_112_480,0
002_112_496,0
002_112_512,0
002_112_528,0
002_112_544,0
002_112_560,0
002_112_576,0
002_112_592,0
002_128_0,0
002_128_16,1
002_128_32,0
002_128_48,0
002_128_64,0
002_128_80,0
002_128_96,0
002_128_112,0
002_128_128,0
002_128_144,0
002_128_160,0
002_128_176,0
002_128_192,1
002_128_208,0
002_128_224,0
002_128_240,1
002_128_256,0
002_128_272,0
002_128_288,0
002_128_304,1
002_128_320,1
002_128_336,0
002_128_352,0
002_128_368,0
002_128_384,1
002_128_400,0
002_128_416,0
002_128_432,0
002_128_448,0
002_128_464,0
002_128_480,0
002_128_496,0
002_128_512,0
002_128_528,0
002_128_544,0
002_128_560,0
002_128_576,0
002_128_592,0
002_144_0,0
002_144_16,0
002_144_32,0
002_144_48,0
002_144_64,0
002_144_80,0
002_144_96,0
002_144_112,0
002_144_128,0
002_144_144,0
002_144_160,0
002_144_176,0
002_144_192,1
002_144_208,1
002_144_224,0
002_144_240,0
002_144_256,0
002_144_272,0
002_144_288,0
002_144_304,1
002_144_320,0
002_144_336,0
002_144_352,0
002_144_368,0
002_144_384,1
002_144_400,1
002_144_416,0
002_144_432,0
002_144_448,0
002_144_464,0
002_144_480,0
002_144_496,0
002_144_512,0
002_144_528,0
002_144_544,0
002_144_560,0
002_144_576,0
002_144_592,0
002_160_0,0
002_160_16,1
002_160_32,1
002_160_48,0
002_160_64,0
002_160_80,0
002_160_96,0
002_160_112,1
002_160_128,1
002_160_144,1
002_160_160,1
002_160_176,1
002_160_192,1
002_160_208,1
002_160_224,0
002_160_240,0
002_160_256,0
002_160_272,0
002_160_288,0
002_160_304,1
002_160_320,1
002_160_336,1
002_160_352,1
002_160_368,1
002_160_384,1
002_160_400,0
002_160_416,0
002_160_432,0
002_160_448,0
002_160_464,0
002_160_480,0
002_160_496,0
002_160_512,0
002_160_528,0
002_160_544,0
002_160_560,0
002_160_576,0
002_160_592,0
002_176_0,1
002_176_16,1
002_176_32,1
002_176_48,0
002_176_64,0
002_176_80,0
002_176_96,0
002_176_112,0
002_176_128,0
002_176_144,0
002_176_160,0
002_176_176,0
002_176_192,0
002_176_208,0
002_176_224,0
002_176_240,0
002_176_256,0
002_176_272,0
002_176_288,0
002_176_304,1
002_176_320,0
002_176_336,0
002_176_352,0
002_176_368,0
002_176_384,0
002_176_400,0
002_176_416,0
002_176_432,0
002_176_448,0
002_176_464,0
002_176_480,0
002_176_496,0
002_176_512,0
002_176_528,0
002_176_544,0
002_176_560,0
002_176_576,1
002_176_592,1
002_192_0,1
002_192_16,1
002_192_32,1
002_192_48,0
002_192_64,0
002_192_80,0
002_192_96,0
002_192_112,0
002_192_128,0
002_192_144,0
002_192_160,0
002_192_176,0
002_192_192,0
002_192_208,0
002_192_224,0
002_192_240,0
002_192_256,0
002_192_272,0
002_192_288,0
002_192_304,1
002_192_320,0
002_192_336,0
002_192_352,0
002_192_368,0
002_192_384,0
002_192_400,0
002_192_416,0
002_192_432,0
002_192_448,0
002_192_464,0
002_192_480,0
002_192_496,0
002_192_512,0
002_192_528,1
002_192_544,1
002_192_560,0
002_192_576,1
002_192_592,1
002_208_0,1
002_208_16,1
002_208_32,1
002_208_48,0
002_208_64,0
002_208_80,0
002_208_96,0
002_208_112,0
002_208_128,0
002_208_144,0
002_208_160,0
002_208_176,0
002_208_192,0
002_208_208,0
002_208_224,0
002_208_240,0
002_208_256,0
002_208_272,0
002_208_288,0
002_208_304,1
002_208_320,1
002_208_336,1
002_208_352,1
002_208_368,0
002_208_384,0
002_208_400,0
002_208_416,0
002_208_432,0
002_208_448,0
002_208_464,0
002_208_480,0
002_208_496,0
002_208_512,0
002_208_528,0
002_208_544,0
002_208_560,0
002_208_576,1
002_208_592,1
002_224_0,1
002_224_16,1
002_224_32,1
002_224_48,0
002_224_64,0
002_224_80,0
002_224_96,0
002_224_112,0
002_224_128,0
002_224_144,0
002_224_160,0
002_224_176,0
002_224_192,0
002_224_208,0
002_224_224,0
002_224_240,0
002_224_256,0
002_224_272,0
002_224_288,0
002_224_304,0
002_224_320,0
002_224_336,0
002_224_352,0
002_224_368,0
002_224_384,0
002_224_400,0
002_224_416,0
002_224_432,0
002_224_448,0
002_224_464,0
002_224_480,0
002_224_496,0
002_224_512,0
002_224_528,0
002_224_544,0
002_224_560,0
002_224_576,1
002_224_592,0
002_240_0,1
002_240_16,1
002_240_32,1
002_240_48,0
002_240_64,0
002_240_80,0
002_240_96,0
002_240_112,0
002_240_128,0
002_240_144,1
002_240_160,1
002_240_176,0
002_240_192,0
002_240_208,0
002_240_224,0
002_240_240,0
002_240_256,0
002_240_272,0
002_240_288,0
002_240_304,0
002_240_320,0
002_240_336,0
002_240_352,0
002_240_368,0
002_240_384,0
002_240_400,0
002_240_416,0
002_240_432,0
002_240_448,0
002_240_464,0
002_240_480,0
002_240_496,0
002_240_512,0
002_240_528,0
002_240_544,0
002_240_560,0
002_240_576,0
002_240_592,0
002_256_0,1
002_256_16,1
002_256_32,1
002_256_48,0
002_256_64,0
002_256_80,0
002_256_96,0
002_256_112,0
002_256_128,1
002_256_144,1
002_256_160,1
002_256_176,0
002_256_192,0
002_256_208,0
002_256_224,0
002_256_240,0
002_256_256,0
002_256_272,0
002_256_288,0
002_256_304,0
002_256_320,0
002_256_336,0
002_256_352,0
002_256_368,1
002_256_384,0
002_256_400,1
002_256_416,1
002_256_432,0
002_256_448,0
002_256_464,0
002_256_480,0
002_256_496,0
002_256_512,0
002_256_528,0
002_256_544,0
002_256_560,0
002_256_576,1
002_256_592,0
002_272_0,1
002_272_16,1
002_272_32,1
002_272_48,0
002_272_64,0
002_272_80,0
002_272_96,0
002_272_112,0
002_272_128,0
002_272_144,1
002_272_160,1
002_272_176,0
002_272_192,0
002_272_208,0
002_272_224,0
002_272_240,0
002_272_256,0
002_272_272,0
002_272_288,0
002_272_304,0
002_272_320,0
002_272_336,0
002_272_352,0
002_272_368,0
002_272_384,0
002_272_400,1
002_272_416,1
002_272_432,0
002_272_448,0
002_272_464,0
002_272_480,0
002_272_496,0
002_272_512,0
002_272_528,0
002_272_544,0
002_272_560,0
002_272_576,1
002_272_592,0
002_288_0,1
002_288_16,1
002_288_32,1
002_288_48,0
002_288_64,0
002_288_80,0
002_288_96,0
002_288_112,0
002_288_128,1
002_288_144,0
002_288_160,1
002_288_176,0
002_288_192,0
002_288_208,0
002_288_224,0
002_288_240,0
002_288_256,0
002_288_272,0
002_288_288,0
002_288_304,0
002_288_320,0
002_288_336,0
002_288_352,0
002_288_368,0
002_288_384,0
002_288_400,1
002_288_416,1
002_288_432,0
002_288_448,0
002_288_464,0
002_288_480,0
002_288_496,0
002_288_512,0
002_288_528,0
002_288_544,0
002_288_560,0
002_288_576,1
002_288_592,1
002_304_0,1
002_304_16,1
002_304_32,1
002_304_48,0
002_304_64,0
002_304_80,0
002_304_96,0
002_304_112,0
002_304_128,0
002_304_144,0
002_304_160,0
002_304_176,0
002_304_192,0
002_304_208,0
002_304_224,0
002_304_240,0
002_304_256,0
002_304_272,0
002_304_288,1
002_304_304,0
002_304_320,0
002_304_336,0
002_304_352,0
002_304_368,0
002_304_384,0
002_304_400,0
002_304_416,0
002_304_432,0
002_304_448,0
002_304_464,0
002_304_480,0
002_304_496,0
002_304_512,0
002_304_528,0
002_304_544,0
002_304_560,0
002_304_576,1
002_304_592,1
002_320_0,1
002_320_16,1
002_320_32,1
002_320_48,0
002_320_64,0
002_320_80,0
002_320_96,0
002_320_112,0
002_320_128,0
002_320_144,0
002_320_160,0
002_320_176,0
002_320_192,0
002_320_208,0
002_320_224,0
002_320_240,0
002_320_256,0
002_320_272,0
002_320_288,0
002_320_304,0
002_320_320,0
002_320_336,0
002_320_352,0
002_320_368,0
002_320_384,0
002_320_400,0
002_320_416,0
002_320_432,0
002_320_448,0
002_320_464,0
002_320_480,0
002_320_496,0
002_320_512,0
002_320_528,0
002_320_544,0
002_320_560,0
002_320_576,1
002_320_592,1
002_336_0,1
002_336_16,1
002_336_32,1
002_336_48,0
002_336_64,0
002_336_80,0
002_336_96,0
002_336_112,0
002_336_128,0
002_336_144,0
002_336_160,0
002_336_176,0
002_336_192,0
002_336_208,0
002_336_224,0
002_336_240,0
002_336_256,0
002_336_272,0
002_336_288,0
002_336_304,0
002_336_320,0
002_336_336,1
002_336_352,1
002_336_368,1
002_336_384,1
002_336_400,0
002_336_416,0
002_336_432,0
002_336_448,0
002_336_464,0
002_336_480,0
002_336_496,0
002_336_512,0
002_336_528,0
002_336_544,0
002_336_560,0
002_336_576,1
002_336_592,1
002_352_0,1
002_352_16,1
002_352_32,1
002_352_48,0
002_352_64,0
002_352_80,0
002_352_96,0
002_352_112,0
002_352_128,0
002_352_144,0
002_352_160,0
002_352_176,0
002_352_192,0
002_352_208,0
002_352_224,0
002_352_240,0
002_352_256,0
002_352_272,0
002_352_288,0
002_352_304,0
002_352_320,0
002_352_336,0
002_352_352,1
002_352_368,1
002_352_384,0
002_352_400,0
002_352_416,0
002_352_432,0
002_352_448,0
002_352_464,0
002_352_480,0
002_352_496,0
002_352_512,0
002_352_528,0
002_352_544,0
002_352_560,0
002_352_576,1
002_352_592,1
002_368_0,1
002_368_16,1
002_368_32,1
002_368_48,1
002_368_64,1
002_368_80,1
002_368_96,1
002_368_112,1
002_368_128,0
002_368_144,0
002_368_160,0
002_368_176,0
002_368_192,0
002_368_208,0
002_368_224,0
002_368_240,0
002_368_256,0
002_368_272,0
002_368_288,0
002_368_304,0
002_368_320,0
002_368_336,0
002_368_352,0
002_368_368,0
002_368_384,0
002_368_400,0
002_368_416,0
002_368_432,0
002_368_448,0
002_368_464,0
002_368_480,0
002_368_496,0
002_368_512,0
002_368_528,0
002_368_544,0
002_368_560,0
002_368_576,1
002_368_592,1
002_384_0,1
002_384_16,1
002_384_32,1
002_384_48,1
002_384_64,1
002_384_80,1
002_384_96,1
002_384_112,1
002_384_128,1
002_384_144,1
002_384_160,1
002_384_176,1
002_384_192,1
002_384_208,1
002_384_224,1
002_384_240,1
002_384_256,1
002_384_272,1
002_384_288,1
002_384_304,1
002_384_320,1
002_384_336,1
002_384_352,1
002_384_368,1
002_384_384,1
002_384_400,1
002_384_416,1
002_384_432,1
002_384_448,1
002_384_464,1
002_384_480,1
002_384_496,1
002_384_512,1
002_384_528,1
002_384_544,1
002_384_560,1
002_384_576,1
002_384_592,1
002_400_0,1
002_400_16,1
002_400_32,1
002_400_48,1
002_400_64,1
002_400_80,1
002_400_96,1
002_400_112,1
002_400_128,1
002_400_144,1
002_400_160,1
002_400_176,1
002_400_192,1
002_400_208,1
002_400_224,1
002_400_240,1
002_400_256,1
002_400_272,1
002_400_288,1
002_400_304,1
002_400_320,1
002_400_336,1
002_400_352,1
002_400_368,1
002_400_384,1
002_400_400,1
002_400_416,1
002_400_432,1
002_400_448,1
002_400_464,1
002_400_480,1
002_400_496,1
002_400_512,1
002_400_528,1
002_400_544,1
002_400_560,1
002_400_576,1
002_400_592,1
002_416_0,1
002_416_16,1
002_416_32,0
002_416_48,0
002_416_64,0
002_416_80,0
002_416_96,0
002_416_112,0
002_416_128,0
002_416_144,1
002_416_160,0
002_416_176,0
002_416_192,0
002_416_208,0
002_416_224,0
002_416_240,0
002_416_256,0
002_416_272,1
002_416_288,1
002_416_304,0
002_416_320,0
002_416_336,0
002_416_352,0
002_416_368,0
002_416_384,0
002_416_400,1
002_416_416,1
002_416_432,1
002_416_448,1
002_416_464,1
002_416_480,1
002_416_496,1
002_416_512,1
002_416_528,1
002_416_544,1
002_416_560,1
002_416_576,1
002_416_592,1
002_432_0,1
002_432_16,1
002_432_32,0
002_432_48,0
002_432_64,0
002_432_80,0
002_432_96,0
002_432_112,0
002_432_128,0
002_432_144,1
002_432_160,0
002_432_176,0
002_432_192,0
002_432_208,0
002_432_224,0
002_432_240,0
002_432_256,0
002_432_272,1
002_432_288,1
002_432_304,0
002_432_320,0
002_432_336,0
002_432_352,0
002_432_368,0
002_432_384,0
002_432_400,0
002_432_416,1
002_432_432,0
002_432_448,0
002_432_464,0
002_432_480,0
002_432_496,0
002_432_512,0
002_432_528,0
002_432_544,1
002_432_560,1
002_432_576,0
002_432_592,0
002_448_0,1
002_448_16,1
002_448_32,0
002_448_48,0
002_448_64,0
002_448_80,0
002_448_96,0
002_448_112,0
002_448_128,0
002_448_144,1
002_448_160,0
002_448_176,0
002_448_192,0
002_448_208,0
002_448_224,0
002_448_240,0
002_448_256,0
002_448_272,1
002_448_288,1
002_448_304,0
002_448_320,0
002_448_336,0
002_448_352,0
002_448_368,0
002_448_384,0
002_448_400,0
002_448_416,1
002_448_432,0
002_448_448,0
002_448_464,0
002_448_480,0
002_448_496,0
002_448_512,0
002_448_528,0
002_448_544,1
002_448_560,1
002_448_576,0
002_448_592,0
002_464_0,1
002_464_16,1
002_464_32,0
002_464_48,0
002_464_64,0
002_464_80,0
002_464_96,0
002_464_112,0
002_464_128,1
002_464_144,1
002_464_160,0
002_464_176,0
002_464_192,0
002_464_208,0
002_464_224,0
002_464_240,0
002_464_256,0
002_464_272,1
002_464_288,1
002_464_304,0
002_464_320,0
002_464_336,0
002_464_352,0
002_464_368,0
002_464_384,0
002_464_400,0
002_464_416,1
002_464_432,0
002_464_448,0
002_464_464,0
002_464_480,0
002_464_496,0
002_464_512,0
002_464_528,0
002_464_544,1
002_464_560,1
002_464_576,0
002_464_592,0
002_480_0,1
002_480_16,1
002_480_32,0
002_480_48,0
002_480_64,0
002_480_80,0
002_480_96,0
002_480_112,0
002_480_128,1
002_480_144,1
002_480_160,0
002_480_176,0
002_480_192,0
002_480_208,0
002_480_224,0
002_480_240,0
002_480_256,0
002_480_272,1
002_480_288,1
002_480_304,0
002_480_320,0
002_480_336,0
002_480_352,0
002_480_368,0
002_480_384,0
002_480_400,0
002_480_416,1
002_480_432,0
002_480_448,0
002_480_464,0
002_480_480,0
002_480_496,0
002_480_512,0
002_480_528,0
002_480_544,1
002_480_560,1
002_480_576,0
002_480_592,0
002_496_0,1
002_496_16,1
002_496_32,0
002_496_48,0
002_496_64,1
002_496_80,0
002_496_96,0
002_496_112,0
002_496_128,1
002_496_144,1
002_496_160,0
002_496_176,0
002_496_192,0
002_496_208,0
002_496_224,0
002_496_240,0
002_496_256,0
002_496_272,1
002_496_288,1
002_496_304,0
002_496_320,0
002_496_336,0
002_496_352,0
002_496_368,0
002_496_384,0
002_496_400,0
002_496_416,1
002_496_432,0
002_496_448,0
002_496_464,0
002_496_480,0
002_496_496,0
002_496_512,0
002_496_528,0
002_496_544,1
002_496_560,1
002_496_576,0
002_496_592,0
002_512_0,1
002_512_16,1
002_512_32,0
002_512_48,0
002_512_64,0
002_512_80,0
002_512_96,0
002_512_112,0
002_512_128,0
002_512_144,1
002_512_160,0
002_512_176,0
002_512_192,0
002_512_208,0
002_512_224,0
002_512_240,0
002_512_256,0
002_512_272,1
002_512_288,1
002_512_304,0
002_512_320,0
002_512_336,0
002_512_352,0
002_512_368,0
002_512_384,0
002_512_400,0
002_512_416,1
002_512_432,0
002_512_448,0
002_512_464,0
002_512_480,0
002_512_496,0
002_512_512,0
002_512_528,0
002_512_544,1
002_512_560,1
002_512_576,0
002_512_592,0
002_528_0,1
002_528_16,1
002_528_32,0
002_528_48,0
002_528_64,0
002_528_80,0
002_528_96,0
002_528_112,0
002_528_128,0
002_528_144,1
002_528_160,0
002_528_176,0
002_528_192,0
002_528_208,0
002_528_224,0
002_528_240,0
002_528_256,0
002_528_272,1
002_528_288,1
002_528_304,0
002_528_320,0
002_528_336,0
002_528_352,0
002_528_368,0
002_528_384,0
002_528_400,0
002_528_416,1
002_528_432,0
002_528_448,0
002_528_464,0
002_528_480,0
002_528_496,0
002_528_512,0
002_528_528,0
002_528_544,1
002_528_560,1
002_528_576,0
002_528_592,0
002_544_0,1
002_544_16,1
002_544_32,0
002_544_48,0
002_544_64,0
002_544_80,0
002_544_96,0
002_544_112,0
002_544_128,0
002_544_144,1
002_544_160,0
002_544_176,0
002_544_192,0
002_544_208,0
002_544_224,0
002_544_240,0
002_544_256,0
002_544_272,1
002_544_288,1
002_544_304,0
002_544_320,0
002_544_336,0
002_544_352,0
002_544_368,0
002_544_384,0
002_544_400,0
002_544_416,1
002_544_432,0
002_544_448,0
002_544_464,0
002_544_480,0
002_544_496,0
002_544_512,0
002_544_528,0
002_544_544,1
002_544_560,1
002_544_576,0
002_544_592,0
002_560_0,1
002_560_16,1
002_560_32,1
002_560_48,0
002_560_64,0
002_560_80,0
002_560_96,0
002_560_112,0
002_560_128,0
002_560_144,1
002_560_160,0
002_560_176,0
002_560_192,0
002_560_208,0
002_560_224,0
002_560_240,0
002_560_256,1
002_560_272,1
002_560_288,1
002_560_304,0
002_560_320,0
002_560_336,0
002_560_352,0
002_560_368,0
002_560_384,0
002_560_400,0
002_560_416,1
002_560_432,0
002_560_448,0
002_560_464,0
002_560_480,0
002_560_496,0
002_560_512,0
002_560_528,0
002_560_544,1
002_560_560,1
002_560_576,0
002_560_592,0
002_576_0,1
002_576_16,1
002_576_32,1
002_576_48,0
002_576_64,0
002_576_80,0
002_576_96,0
002_576_112,0
002_576_128,0
002_576_144,1
002_576_160,0
002_576_176,0
002_576_192,0
002_576_208,0
002_576_224,0
002_576_240,0
002_576_256,1
002_576_272,1
002_576_288,1
002_576_304,0
002_576_320,0
002_576_336,0
002_576_352,0
002_576_368,0
002_576_384,0
002_576_400,0
002_576_416,1
002_576_432,0
002_576_448,0
002_576_464,0
002_576_480,0
002_576_496,0
002_576_512,0
002_576_528,0
002_576_544,1
002_576_560,1
002_576_576,0
002_576_592,0
002_592_0,1
002_592_16,1
002_592_32,1
002_592_48,0
002_592_64,0
002_592_80,0
002_592_96,1
002_592_112,1
002_592_128,0
002_592_144,1
002_592_160,0
002_592_176,0
002_592_192,0
002_592_208,0
002_592_224,0
002_592_240,0
002_592_256,1
002_592_272,1
002_592_288,1
002_592_304,0
002_592_320,0
002_592_336,0
002_592_352,0
002_592_368,0
002_592_384,0
002_592_400,0
002_592_416,1
002_592_432,0
002_592_448,0
002_592_464,0
002_592_480,0
002_592_496,0
002_592_512,0
002_592_528,0
002_592_544,1
002_592_560,1
002_592_576,0
002_592_592,0
003_0_0,1
003_0_16,0
003_0_32,0
003_0_48,0
003_0_64,0
003_0_80,0
003_0_96,0
003_0_112,0
003_0_128,0
003_0_144,1
003_0_160,0
003_0_176,0
003_0_192,0
003_0_208,0
003_0_224,0
003_0_240,0
003_0_256,0
003_0_272,1
003_0_288,1
003_0_304,1
003_0_320,0
003_0_336,0
003_0_352,0
003_0_368,0
003_0_384,0
003_0_400,0
003_0_416,0
003_0_432,1
003_0_448,1
003_0_464,0
003_0_480,0
003_0_496,0
003_0_512,0
003_0_528,0
003_0_544,0
003_0_560,0
003_0_576,1
003_0_592,0
003_16_0,1
003_16_16,0
003_16_32,0
003_16_48,0
003_16_64,0
003_16_80,0
003_16_96,0
003_16_112,0
003_16_128,0
003_16_144,1
003_16_160,0
003_16_176,0
003_16_192,0
003_16_208,0
003_16_224,0
003_16_240,0
003_16_256,0
003_16_272,1
003_16_288,1
003_16_304,1
003_16_320,0
003_16_336,0
003_16_352,0
003_16_368,0
003_16_384,0
003_16_400,0
003_16_416,0
003_16_432,1
003_16_448,1
003_16_464,0
003_16_480,0
003_16_496,0
003_16_512,0
003_16_528,0
003_16_544,0
003_16_560,0
003_16_576,1
003_16_592,1
003_32_0,1
003_32_16,1
003_32_32,0
003_32_48,0
003_32_64,0
003_32_80,0
003_32_96,0
003_32_112,0
003_32_128,0
003_32_144,1
003_32_160,0
003_32_176,0
003_32_192,0
003_32_208,0
003_32_224,0
003_32_240,0
003_32_256,0
003_32_272,1
003_32_288,1
003_32_304,1
003_32_320,0
003_32_336,0
003_32_352,0
003_32_368,0
003_32_384,0
003_32_400,0
003_32_416,0
003_32_432,1
003_32_448,1
003_32_464,0
003_32_480,0
003_32_496,0
003_32_512,0
003_32_528,0
003_32_544,0
003_32_560,0
003_32_576,1
003_32_592,1
003_48_0,1
003_48_16,1
003_48_32,0
003_48_48,0
003_48_64,0
003_48_80,0
003_48_96,0
003_48_112,0
003_48_128,0
003_48_144,1
003_48_160,1
003_48_176,1
003_48_192,1
003_48_208,0
003_48_224,0
003_48_240,1
003_48_256,0
003_48_272,1
003_48_288,1
003_48_304,1
003_48_320,1
003_48_336,1
003_48_352,1
003_48_368,1
003_48_384,1
003_48_400,1
003_48_416,1
003_48_432,1
003_48_448,1
003_48_464,0
003_48_480,0
003_48_496,0
003_48_512,0
003_48_528,0
003_48_544,0
003_48_560,0
003_48_576,1
003_48_592,1
003_64_0,1
003_64_16,1
003_64_32,0
003_64_48,0
003_64_64,1
003_64_80,0
003_64_96,0
003_64_112,0
003_64_128,0
003_64_144,1
003_64_160,1
003_64_176,1
003_64_192,0
003_64_208,0
003_64_224,0
003_64_240,0
003_64_256,0
003_64_272,0
003_64_288,1
003_64_304,1
003_64_320,1
003_64_336,1
003_64_352,1
003_64_368,1
003_64_384,1
003_64_400,1
003_64_416,1
003_64_432,1
003_64_448,1
003_64_464,1
003_64_480,1
003_64_496,1
003_64_512,0
003_64_528,0
003_64_544,1
003_64_560,1
003_64_576,1
003_64_592,1
003_80_0,1
003_80_16,1
003_80_32,0
003_80_48,1
003_80_64,0
003_80_80,0
003_80_96,0
003_80_112,0
003_80_128,0
003_80_144,1
003_80_160,0
003_80_176,0
003_80_192,0
003_80_208,0
003_80_224,0
003_80_240,0
003_80_256,0
003_80_272,0
003_80_288,1
003_80_304,1
003_80_320,0
003_80_336,0
003_80_352,0
003_80_368,0
003_80_384,0
003_80_400,0
003_80_416,0
003_80_432,1
003_80_448,1
003_80_464,0
003_80_480,0
003_80_496,0
003_80_512,0
003_80_528,0
003_80_544,0
003_80_560,0
003_80_576,1
003_80_592,1
003_96_0,1
003_96_16,1
003_96_32,1
003_96_48,1
003_96_64,0
003_96_80,0
003_96_96,0
003_96_112,0
003_96_128,0
003_96_144,1
003_96_160,0
003_96_176,0
003_96_192,0
003_96_208,0
003_96_224,0
003_96_240,0
003_96_256,0
003_96_272,0
003_96_288,1
003_96_304,1
003_96_320,0
003_96_336,0
003_96_352,0
003_96_368,0
003_96_384,0
003_96_400,0
003_96_416,0
003_96_432,1
003_96_448,1
003_96_464,0
003_96_480,0
003_96_496,0
003_96_512,0
003_96_528,0
003_96_544,0
003_96_560,0
003_96_576,1
003_96_592,1
003_112_0,1
003_112_16,1
003_112_32,1
003_112_48,1
003_112_64,1
003_112_80,0
003_112_96,0
003_112_112,0
003_112_128,0
003_112_144,1
003_112_160,0
003_112_176,0
003_112_192,0
003_112_208,0
003_112_224,0
003_112_240,0
003_112_256,0
003_112_272,1
003_112_288,1
003_112_304,1
003_112_320,0
003_112_336,0
003_112_352,0
003_112_368,0
003_112_384,0
003_112_400,0
003_112_416,0
003_112_432,1
003_112_448,1
003_112_464,0
003_112_480,0
003_112_496,0
003_112_512,0
003_112_528,0
003_112_544,0
003_112_560,0
003_112_576,1
003_112_592,1
003_128_0,1
003_128_16,1
003_128_32,1
003_128_48,1
003_128_64,0
003_128_80,1
003_128_96,0
003_128_112,0
003_128_128,0
003_128_144,1
003_128_160,0
003_128_176,0
003_128_192,0
003_128_208,0
003_128_224,0
003_128_240,0
003_128_256,0
003_128_272,1
003_128_288,1
003_128_304,1
003_128_320,0
003_128_336,0
003_128_352,0
003_128_368,0
003_128_384,0
003_128_400,0
003_128_416,0
003_128_432,1
003_128_448,1
003_128_464,0
003_128_480,0
003_128_496,0
003_128_512,0
003_128_528,0
003_128_544,0
003_128_560,0
003_128_576,1
003_128_592,1
003_144_0,1
003_144_16,1
003_144_32,0
003_144_48,0
003_144_64,0
003_144_80,0
003_144_96,0
003_144_112,0
003_144_128,0
003_144_144,1
003_144_160,0
003_144_176,0
003_144_192,0
003_144_208,0
003_144_224,0
003_144_240,0
003_144_256,0
003_144_272,1
003_144_288,1
003_144_304,1
003_144_320,0
003_144_336,0
003_144_352,0
003_144_368,0
003_144_384,0
003_144_400,0
003_144_416,0
003_144_432,1
003_144_448,1
003_144_464,0
003_144_480,0
003_144_496,0
003_144_512,0
003_144_528,0
003_144_544,0
003_144_560,0
003_144_576,1
003_144_592,1
003_160_0,1
003_160_16,1
003_160_32,0
003_160_48,0
003_160_64,0
003_160_80,0
003_160_96,0
003_160_112,0
003_160_128,0
003_160_144,1
003_160_160,0
003_160_176,0
003_160_192,0
003_160_208,0
003_160_224,0
003_160_240,0
003_160_256,0
003_160_272,1
003_160_288,1
003_160_304,1
003_160_320,0
003_160_336,0
003_160_352,0
003_160_368,0
003_160_384,0
003_160_400,0
003_160_416,0
003_160_432,1
003_160_448,1
003_160_464,0
003_160_480,0
003_160_496,0
003_160_512,0
003_160_528,0
003_160_544,0
003_160_560,0
003_160_576,1
003_160_592,1
003_176_0,1
003_176_16,1
003_176_32,0
003_176_48,0
003_176_64,0
003_176_80,0
003_176_96,0
003_176_112,0
003_176_128,0
003_176_144,1
003_176_160,0
003_176_176,0
003_176_192,0
003_176_208,0
003_176_224,0
003_176_240,0
003_176_256,0
003_176_272,1
003_176_288,1
003_176_304,1
003_176_320,0
003_176_336,0
003_176_352,0
003_176_368,0
003_176_384,0
003_176_400,0
003_176_416,0
003_176_432,1
003_176_448,1
003_176_464,0
003_176_480,0
003_176_496,0
003_176_512,0
003_176_528,0
003_176_544,0
003_176_560,0
003_176_576,1
003_176_592,1
003_192_0,1
003_192_16,1
003_192_32,0
003_192_48,0
003_192_64,0
003_192_80,0
003_192_96,0
003_192_112,0
003_192_128,0
003_192_144,0
003_192_160,0
003_192_176,0
003_192_192,0
003_192_208,0
003_192_224,0
003_192_240,0
003_192_256,0
003_192_272,1
003_192_288,1
003_192_304,1
003_192_320,0
003_192_336,0
003_192_352,0
003_192_368,0
003_192_384,0
003_192_400,0
003_192_416,0
003_192_432,0
003_192_448,0
003_192_464,0
003_192_480,0
003_192_496,0
003_192_512,0
003_192_528,0
003_192_544,0
003_192_560,0
003_192_576,1
003_192_592,1
003_208_0,1
003_208_16,1
003_208_32,0
003_208_48,0
003_208_64,0
003_208_80,0
003_208_96,0
003_208_112,0
003_208_128,0
003_208_144,1
003_208_160,0
003_208_176,0
003_208_192,0
003_208_208,0
003_208_224,0
003_208_240,0
003_208_256,0
003_208_272,1
003_208_288,1
003_208_304,1
003_208_320,0
003_208_336,0
003_208_352,0
003_208_368,0
003_208_384,0
003_208_400,0
003_208_416,0
003_208_432,1
003_208_448,0
003_208_464,0
003_208_480,0
003_208_496,0
003_208_512,0
003_208_528,0
003_208_544,0
003_208_560,0
003_208_576,1
003_208_592,1
003_224_0,1
003_224_16,1
003_224_32,1
003_224_48,1
003_224_64,1
003_224_80,1
003_224_96,1
003_224_112,1
003_224_128,1
003_224_144,1
003_224_160,1
003_224_176,1
003_224_192,1
003_224_208,1
003_224_224,1
003_224_240,1
003_224_256,1
003_224_272,1
003_224_288,1
003_224_304,1
003_224_320,1
003_224_336,1
003_224_352,1
003_224_368,1
003_224_384,1
003_224_400,1
003_224_416,1
003_224_432,1
003_224_448,1
003_224_464,1
003_224_480,1
003_224_496,1
003_224_512,1
003_224_528,0
003_224_544,1
003_224_560,1
003_224_576,1
003_224_592,1
003_240_0,1
003_240_16,1
003_240_32,1
003_240_48,1
003_240_64,1
003_240_80,1
003_240_96,1
003_240_112,1
003_240_128,1
003_240_144,1
003_240_160,1
003_240_176,1
003_240_192,1
003_240_208,1
003_240_224,1
003_240_240,1
003_240_256,1
003_240_272,1
003_240_288,1
003_240_304,1
003_240_320,1
003_240_336,1
003_240_352,1
003_240_368,1
003_240_384,1
003_240_400,1
003_240_416,1
003_240_432,1
003_240_448,1
003_240_464,1
003_240_480,1
003_240_496,1
003_240_512,1
003_240_528,1
003_240_544,1
003_240_560,1
003_240_576,1
003_240_592,1
003_256_0,1
003_256_16,1
003_256_32,0
003_256_48,0
003_256_64,0
003_256_80,1
003_256_96,1
003_256_112,0
003_256_128,0
003_256_144,1
003_256_160,1
003_256_176,1
003_256_192,1
003_256_208,1
003_256_224,1
003_256_240,1
003_256_256,1
003_256_272,1
003_256_288,1
003_256_304,1
003_256_320,1
003_256_336,1
003_256_352,1
003_256_368,1
003_256_384,1
003_256_400,1
003_256_416,1
003_256_432,1
003_256_448,1
003_256_464,1
003_256_480,1
003_256_496,1
003_256_512,1
003_256_528,1
003_256_544,1
003_256_560,1
003_256_576,1
003_256_592,1
003_272_0,1
003_272_16,1
003_272_32,0
003_272_48,0
003_272_64,0
003_272_80,0
003_272_96,0
003_272_112,0
003_272_128,0
003_272_144,0
003_272_160,0
003_272_176,0
003_272_192,0
003_272_208,0
003_272_224,0
003_272_240,0
003_272_256,0
003_272_272,0
003_272_288,0
003_272_304,0
003_272_320,0
003_272_336,0
003_272_352,1
003_272_368,0
003_272_384,0
003_272_400,0
003_272_416,0
003_272_432,0
003_272_448,0
003_272_464,0
003_272_480,0
003_272_496,0
003_272_512,0
003_272_528,0
003_272_544,0
003_272_560,0
003_272_576,1
003_272_592,1
003_288_0,1
003_288_16,0
003_288_32,0
003_288_48,0
003_288_64,0
003_288_80,0
003_288_96,0
003_288_112,0
003_288_128,0
003_288_144,0
003_288_160,0
003_288_176,0
003_288_192,0
003_288_208,0
003_288_224,0
003_288_240,0
003_288_256,0
003_288_272,0
003_288_288,0
003_288_304,0
003_288_320,0
003_288_336,0
003_288_352,1
003_288_368,0
003_288_384,0
003_288_400,0
003_288_416,0
003_288_432,0
003_288_448,0
003_288_464,0
003_288_480,0
003_288_496,0
003_288_512,0
003_288_528,0
003_288_544,0
003_288_560,0
003_288_576,1
003_288_592,1
003_304_0,1
003_304_16,0
003_304_32,0
003_304_48,0
003_304_64,0
003_304_80,0
003_304_96,0
003_304_112,0
003_304_128,0
003_304_144,0
003_304_160,0
003_304_176,0
003_304_192,0
003_304_208,0
003_304_224,0
003_304_240,0
003_304_256,0
003_304_272,0
003_304_288,0
003_304_304,0
003_304_320,0
003_304_336,0
003_304_352,1
003_304_368,0
003_304_384,0
003_304_400,0
003_304_416,0
003_304_432,0
003_304_448,0
003_304_464,0
003_304_480,0
003_304_496,0
003_304_512,0
003_304_528,0
003_304_544,0
003_304_560,0
003_304_576,1
003_304_592,1
003_320_0,1
003_320_16,1
003_320_32,0
003_320_48,0
003_320_64,0
003_320_80,0
003_320_96,0
003_320_112,0
003_320_128,0
003_320_144,0
003_320_160,0
003_320_176,0
003_320_192,0
003_320_208,0
003_320_224,0
003_320_240,0
003_320_256,0
003_320_272,0
003_320_288,0
003_320_304,0
003_320_320,0
003_320_336,0
003_320_352,1
003_320_368,0
003_320_384,0
003_320_400,0
003_320_416,0
003_320_432,0
003_320_448,0
003_320_464,0
003_320_480,0
003_320_496,0
003_320_512,0
003_320_528,0
003_320_544,0
003_320_560,0
003_320_576,1
003_320_592,1
003_336_0,1
003_336_16,1
003_336_32,0
003_336_48,0
003_336_64,0
003_336_80,0
003_336_96,0
003_336_112,0
003_336_128,0
003_336_144,0
003_336_160,0
003_336_176,0
003_336_192,0
003_336_208,0
003_336_224,0
003_336_240,0
003_336_256,0
003_336_272,0
003_336_288,0
003_336_304,0
003_336_320,0
003_336_336,0
003_336_352,0
003_336_368,0
003_336_384,0
003_336_400,0
003_336_416,0
003_336_432,0
003_336_448,0
003_336_464,0
003_336_480,0
003_336_496,0
003_336_512,0
003_336_528,0
003_336_544,0
003_336_560,0
003_336_576,1
003_336_592,1
003_352_0,1
003_352_16,1
003_352_32,0
003_352_48,0
003_352_64,0
003_352_80,0
003_352_96,0
003_352_112,0
003_352_128,0
003_352_144,0
003_352_160,0
003_352_176,0
003_352_192,0
003_352_208,0
003_352_224,0
003_352_240,0
003_352_256,0
003_352_272,0
003_352_288,0
003_352_304,0
003_352_320,0
003_352_336,0
003_352_352,0
003_352_368,0
003_352_384,0
003_352_400,0
003_352_416,0
003_352_432,0
003_352_448,0
003_352_464,0
003_352_480,0
003_352_496,0
003_352_512,0
003_352_528,0
003_352_544,0
003_352_560,0
003_352_576,1
003_352_592,1
003_368_0,1
003_368_16,1
003_368_32,0
003_368_48,0
003_368_64,0
003_368_80,0
003_368_96,0
003_368_112,0
003_368_128,0
003_368_144,0
003_368_160,0
003_368_176,0
003_368_192,0
003_368_208,0
003_368_224,0
003_368_240,0
003_368_256,0
003_368_272,0
003_368_288,0
003_368_304,0
003_368_320,0
003_368_336,0
003_368_352,0
003_368_368,0
003_368_384,0
003_368_400,0
003_368_416,0
003_368_432,0
003_368_448,0
003_368_464,0
003_368_480,0
003_368_496,0
003_368_512,0
003_368_528,0
003_368_544,0
003_368_560,0
003_368_576,1
003_368_592,1
003_384_0,1
003_384_16,1
003_384_32,0
003_384_48,0
003_384_64,0
003_384_80,0
003_384_96,0
003_384_112,0
003_384_128,0
003_384_144,0
003_384_160,0
003_384_176,0
003_384_192,0
003_384_208,0
003_384_224,0
003_384_240,0
003_384_256,0
003_384_272,0
003_384_288,0
003_384_304,0
003_384_320,0
003_384_336,0
003_384_352,0
003_384_368,0
003_384_384,0
003_384_400,0
003_384_416,0
003_384_432,0
003_384_448,0
003_384_464,0
003_384_480,0
003_384_496,0
003_384_512,0
003_384_528,0
003_384_544,0
003_384_560,0
003_384_576,1
003_384_592,1
003_400_0,1
003_400_16,1
003_400_32,0
003_400_48,0
003_400_64,0
003_400_80,0
003_400_96,0
003_400_112,0
003_400_128,0
003_400_144,0
003_400_160,0
003_400_176,0
003_400_192,0
003_400_208,0
003_400_224,0
003_400_240,0
003_400_256,0
003_400_272,0
003_400_288,0
003_400_304,0
003_400_320,0
003_400_336,0
003_400_352,0
003_400_368,0
003_400_384,1
003_400_400,1
003_400_416,1
003_400_432,0
003_400_448,0
003_400_464,0
003_400_480,0
003_400_496,0
003_400_512,1
003_400_528,1
003_400_544,0
003_400_560,0
003_400_576,1
003_400_592,1
003_416_0,1
003_416_16,0
003_416_32,0
003_416_48,0
003_416_64,0
003_416_80,0
003_416_96,0
003_416_112,0
003_416_128,0
003_416_144,0
003_416_160,0
003_416_176,0
003_416_192,0
003_416_208,0
003_416_224,0
003_416_240,0
003_416_256,0
003_416_272,0
003_416_288,0
003_416_304,0
003_416_320,0
003_416_336,0
003_416_352,0
003_416_368,0
003_416_384,1
003_416_400,1
003_416_416,0
003_416_432,0
003_416_448,0
003_416_464,0
003_416_480,0
003_416_496,0
003_416_512,0
003_416_528,0
003_416_544,0
003_416_560,0
003_416_576,1
003_416_592,1
003_432_0,1
003_432_16,0
003_432_32,0
003_432_48,0
003_432_64,0
003_432_80,0
003_432_96,0
003_432_112,0
003_432_128,0
003_432_144,0
003_432_160,0
003_432_176,0
003_432_192,0
003_432_208,0
003_432_224,0
003_432_240,0
003_432_256,0
003_432_272,0
003_432_288,0
003_432_304,0
003_432_320,0
003_432_336,0
003_432_352,0
003_432_368,0
003_432_384,1
003_432_400,1
003_432_416,0
003_432_432,0
003_432_448,0
003_432_464,0
003_432_480,0
003_432_496,0
003_432_512,0
003_432_528,0
003_432_544,0
003_432_560,0
003_432_576,1
003_432_592,1
003_448_0,1
003_448_16,0
003_448_32,0
003_448_48,0
003_448_64,0
003_448_80,0
003_448_96,0
003_448_112,0
003_448_128,0
003_448_144,0
003_448_160,0
003_448_176,0
003_448_192,0
003_448_208,0
003_448_224,0
003_448_240,0
003_448_256,0
003_448_272,0
003_448_288,0
003_448_304,0
003_448_320,0
003_448_336,0
003_448_352,0
003_448_368,0
003_448_384,1
003_448_400,1
003_448_416,0
003_448_432,0
003_448_448,1
003_448_464,0
003_448_480,0
003_448_496,0
003_448_512,0
003_448_528,0
003_448_544,0
003_448_560,0
003_448_576,1
003_448_592,1
003_464_0,1
003_464_16,0
003_464_32,0
003_464_48,0
003_464_64,0
003_464_80,0
003_464_96,0
003_464_112,0
003_464_128,0
003_464_144,0
003_464_160,0
003_464_176,0
003_464_192,0
003_464_208,0
003_464_224,0
003_464_240,0
003_464_256,0
003_464_272,0
003_464_288,0
003_464_304,0
003_464_320,0
003_464_336,0
003_464_352,0
003_464_368,0
003_464_384,1
003_464_400,1
003_464_416,0
003_464_432,0
003_464_448,1
003_464_464,0
003_464_480,0
003_464_496,0
003_464_512,0
003_464_528,0
003_464_544,0
003_464_560,0
003_464_576,1
003_464_592,1
003_480_0,1
003_480_16,0
003_480_32,0
003_480_48,0
003_480_64,0
003_480_80,0
003_480_96,0
003_480_112,0
003_480_128,0
003_480_144,0
003_480_160,0
003_480_176,0
003_480_192,0
003_480_208,0
003_480_224,0
003_480_240,0
003_480_256,0
003_480_272,0
003_480_288,0
003_480_304,0
003_480_320,0
003_480_336,0
003_480_352,0
003_480_368,0
003_480_384,1
003_480_400,1
003_480_416,0
003_480_432,0
003_480_448,0
003_480_464,0
003_480_480,0
003_480_496,0
003_480_512,0
003_480_528,0
003_480_544,0
003_480_560,0
003_480_576,1
003_480_592,1
003_496_0,1
003_496_16,0
003_496_32,0
003_496_48,0
003_496_64,0
003_496_80,0
003_496_96,0
003_496_112,0
003_496_128,0
003_496_144,0
003_496_160,0
003_496_176,0
003_496_192,0
003_496_208,0
003_496_224,0
003_496_240,0
003_496_256,0
003_496_272,0
003_496_288,0
003_496_304,0
003_496_320,0
003_496_336,0
003_496_352,0
003_496_368,1
003_496_384,1
003_496_400,1
003_496_416,0
003_496_432,1
003_496_448,0
003_496_464,0
003_496_480,0
003_496_496,0
003_496_512,0
003_496_528,0
003_496_544,0
003_496_560,0
003_496_576,1
003_496_592,1
003_512_0,1
003_512_16,0
003_512_32,0
003_512_48,0
003_512_64,0
003_512_80,0
003_512_96,0
003_512_112,0
003_512_128,0
003_512_144,0
003_512_160,0
003_512_176,0
003_512_192,0
003_512_208,0
003_512_224,0
003_512_240,0
003_512_256,0
003_512_272,0
003_512_288,0
003_512_304,0
003_512_320,0
003_512_336,0
003_512_352,0
003_512_368,1
003_512_384,1
003_512_400,1
003_512_416,0
003_512_432,0
003_512_448,0
003_512_464,0
003_512_480,0
003_512_496,0
003_512_512,0
003_512_528,0
003_512_544,0
003_512_560,0
003_512_576,1
003_512_592,1
003_528_0,1
003_528_16,1
003_528_32,0
003_528_48,0
003_528_64,0
003_528_80,0
003_528_96,0
003_528_112,0
003_528_128,0
003_528_144,0
003_528_160,0
003_528_176,0
003_528_192,0
003_528_208,0
003_528_224,0
003_528_240,0
003_528_256,0
003_528_272,0
003_528_288,0
003_528_304,0
003_528_320,0
003_528_336,0
003_528_352,1
003_528_368,1
003_528_384,1
003_528_400,0
003_528_416,0
003_528_432,0
003_528_448,0
003_528_464,0
003_528_480,0
003_528_496,0
003_528_512,0
003_528_528,0
003_528_544,0
003_528_560,0
003_528_576,1
003_528_592,1
003_544_0,1
003_544_16,1
003_544_32,0
003_544_48,0
003_544_64,0
003_544_80,0
003_544_96,0
003_544_112,0
003_544_128,0
003_544_144,0
003_544_160,0
003_544_176,0
003_544_192,0
003_544_208,0
003_544_224,0
003_544_240,0
003_544_256,0
003_544_272,0
003_544_288,0
003_544_304,0
003_544_320,0
003_544_336,1
003_544_352,1
003_544_368,1
003_544_384,1
003_544_400,0
003_544_416,1
003_544_432,1
003_544_448,0
003_544_464,0
003_544_480,0
003_544_496,0
003_544_512,0
003_544_528,0
003_544_544,0
003_544_560,0
003_544_576,1
003_544_592,1
003_560_0,1
003_560_16,1
003_560_32,0
003_560_48,0
003_560_64,0
003_560_80,0
003_560_96,0
003_560_112,0
003_560_128,0
003_560_144,0
003_560_160,0
003_560_176,0
003_560_192,0
003_560_208,0
003_560_224,0
003_560_240,0
003_560_256,0
003_560_272,0
003_560_288,0
003_560_304,0
003_560_320,1
003_560_336,1
003_560_352,1
003_560_368,1
003_560_384,1
003_560_400,1
003_560_416,1
003_560_432,1
003_560_448,0
003_560_464,0
003_560_480,0
003_560_496,0
003_560_512,0
003_560_528,0
003_560_544,0
003_560_560,0
003_560_576,1
003_560_592,1
003_576_0,1
003_576_16,1
003_576_32,0
003_576_48,0
003_576_64,0
003_576_80,0
003_576_96,0
003_576_112,0
003_576_128,0
003_576_144,0
003_576_160,0
003_576_176,1
003_576_192,1
003_576_208,1
003_576_224,0
003_576_240,0
003_576_256,1
003_576_272,1
003_576_288,1
003_576_304,0
003_576_320,1
003_576_336,1
003_576_352,0
003_576_368,0
003_576_384,0
003_576_400,0
003_576_416,0
003_576_432,0
003_576_448,0
003_576_464,0
003_576_480,0
003_576_496,0
003_576_512,0
003_576_528,0
003_576_544,0
003_576_560,0
003_576_576,1
003_576_592,1
003_592_0,1
003_592_16,1
003_592_32,1
003_592_48,1
003_592_64,1
003_592_80,1
003_592_96,1
003_592_112,1
003_592_128,0
003_592_144,0
003_592_160,0
003_592_176,1
003_592_192,1
003_592_208,1
003_592_224,1
003_592_240,1
003_592_256,1
003_592_272,1
003_592_288,1
003_592_304,0
003_592_320,0
003_592_336,0
003_592_352,0
003_592_368,0
003_592_384,0
003_592_400,0
003_592_416,0
003_592_432,0
003_592_448,0
003_592_464,0
003_592_480,1
003_592_496,0
003_592_512,0
003_592_528,0
003_592_544,0
003_592_560,0
003_592_576,1
003_592_592,1
004_0_0,0
004_0_16,0
004_0_32,0
004_0_48,0
004_0_64,0
004_0_80,0
004_0_96,0
004_0_112,0
004_0_128,0
004_0_144,0
004_0_160,0
004_0_176,0
004_0_192,0
004_0_208,0
004_0_224,0
004_0_240,0
004_0_256,0
004_0_272,0
004_0_288,1
004_0_304,1
004_0_320,0
004_0_336,0
004_0_352,0
004_0_368,0
004_0_384,0
004_0_400,0
004_0_416,0
004_0_432,0
004_0_448,0
004_0_464,0
004_0_480,0
004_0_496,0
004_0_512,1
004_0_528,1
004_0_544,1
004_0_560,0
004_0_576,0
004_0_592,1
004_16_0,0
004_16_16,0
004_16_32,0
004_16_48,0
004_16_64,0
004_16_80,0
004_16_96,0
004_16_112,0
004_16_128,0
004_16_144,0
004_16_160,1
004_16_176,1
004_16_192,0
004_16_208,0
004_16_224,0
004_16_240,0
004_16_256,0
004_16_272,0
004_16_288,1
004_16_304,0
004_16_320,0
004_16_336,0
004_16_352,0
004_16_368,0
004_16_384,0
004_16_400,0
004_16_416,0
004_16_432,0
004_16_448,0
004_16_464,0
004_16_480,0
004_16_496,0
004_16_512,1
004_16_528,1
004_16_544,1
004_16_560,0
004_16_576,0
004_16_592,0
004_32_0,0
004_32_16,0
004_32_32,0
004_32_48,0
004_32_64,0
004_32_80,0
004_32_96,0
004_32_112,0
004_32_128,0
004_32_144,0
004_32_160,1
004_32_176,1
004_32_192,0
004_32_208,0
004_32_224,0
004_32_240,0
004_32_256,0
004_32_272,0
004_32_288,1
004_32_304,0
004_32_320,0
004_32_336,0
004_32_352,0
004_32_368,0
004_32_384,0
004_32_400,0
004_32_416,0
004_32_432,0
004_32_448,0
004_32_464,0
004_32_480,0
004_32_496,0
004_32_512,1
004_32_528,1
004_32_544,1
004_32_560,0
004_32_576,0
004_32_592,0
004_48_0,0
004_48_16,0
004_48_32,0
004_48_48,0
004_48_64,0
004_48_80,0
004_48_96,0
004_48_112,0
004_48_128,0
004_48_144,0
004_48_160,0
004_48_176,0
004_48_192,0
004_48_208,0
004_48_224,0
004_48_240,0
004_48_256,0
004_48_272,0
004_48_288,1
004_48_304,0
004_48_320,0
004_48_336,0
004_48_352,0
004_48_368,0
004_48_384,0
004_48_400,0
004_48_416,0
004_48_432,0
004_48_448,0
004_48_464,0
004_48_480,0
004_48_496,0
004_48_512,1
004_48_528,1
004_48_544,1
004_48_560,0
004_48_576,0
004_48_592,0
004_64_0,0
004_64_16,0
004_64_32,0
004_64_48,0
004_64_64,0
004_64_80,0
004_64_96,0
004_64_112,0
004_64_128,0
004_64_144,0
004_64_160,0
004_64_176,1
004_64_192,1
004_64_208,0
004_64_224,0
004_64_240,0
004_64_256,0
004_64_272,1
004_64_288,1
004_64_304,1
004_64_320,1
004_64_336,1
004_64_352,1
004_64_368,1
004_64_384,1
004_64_400,1
004_64_416,1
004_64_432,1
004_64_448,1
004_64_464,1
004_64_480,1
004_64_496,1
004_64_512,1
004_64_528,1
004_64_544,1
004_64_560,1
004_64_576,1
004_64_592,0
004_80_0,0
004_80_16,0
004_80_32,0
004_80_48,0
004_80_64,0
004_80_80,0
004_80_96,0
004_80_112,0
004_80_128,0
004_80_144,0
004_80_160,0
004_80_176,1
004_80_192,1
004_80_208,0
004_80_224,0
004_80_240,0
004_80_256,0
004_80_272,0
004_80_288,0
004_80_304,0
004_80_320,0
004_80_336,0
004_80_352,0
004_80_368,0
004_80_384,0
004_80_400,0
004_80_416,0
004_80_432,0
004_80_448,0
004_80_464,0
004_80_480,0
004_80_496,0
004_80_512,1
004_80_528,1
004_80_544,1
004_80_560,0
004_80_576,0
004_80_592,0
004_96_0,0
004_96_16,0
004_96_32,0
004_96_48,0
004_96_64,0
004_96_80,0
004_96_96,0
004_96_112,0
004_96_128,0
004_96_144,0
004_96_160,0
004_96_176,1
004_96_192,1
004_96_208,0
004_96_224,0
004_96_240,0
004_96_256,0
004_96_272,0
004_96_288,0
004_96_304,0
004_96_320,0
004_96_336,0
004_96_352,0
004_96_368,0
004_96_384,0
004_96_400,0
004_96_416,0
004_96_432,0
004_96_448,0
004_96_464,0
004_96_480,0
004_96_496,0
004_96_512,1
004_96_528,1
004_96_544,1
004_96_560,0
004_96_576,0
004_96_592,0
004_112_0,0
004_112_16,0
004_112_32,0
004_112_48,0
004_112_64,0
004_112_80,0
004_112_96,0
004_112_112,0
004_112_128,1
004_112_144,0
004_112_160,0
004_112_176,1
004_112_192,1
004_112_208,0
004_112_224,0
004_112_240,0
004_112_256,0
004_112_272,0
004_112_288,0
004_112_304,0
004_112_320,0
004_112_336,0
004_112_352,0
004_112_368,0
004_112_384,0
004_112_400,0
004_112_416,0
004_112_432,0
004_112_448,0
004_112_464,0
004_112_480,0
004_112_496,0
004_112_512,1
004_112_528,1
004_112_544,1
004_112_560,0
004_112_576,0
004_112_592,0
004_128_0,0
004_128_16,0
004_128_32,0
004_128_48,0
004_128_64,0
004_128_80,0
004_128_96,0
004_128_112,0
004_128_128,1
004_128_144,1
004_128_160,0
004_128_176,1
004_128_192,1
004_128_208,0
004_128_224,0
004_128_240,0
004_128_256,0
004_128_272,0
004_128_288,0
004_128_304,0
004_128_320,0
004_128_336,0
004_128_352,0
004_128_368,0
004_128_384,0
004_128_400,0
004_128_416,0
004_128_432,0
004_128_448,0
004_128_464,0
004_128_480,0
004_128_496,0
004_128_512,1
004_128_528,1
004_128_544,1
004_128_560,0
004_128_576,0
004_128_592,0
004_144_0,0
004_144_16,0
004_144_32,0
004_144_48,0
004_144_64,0
004_144_80,0
004_144_96,0
004_144_112,0
004_144_128,1
004_144_144,1
004_144_160,0
004_144_176,0
004_144_192,1
004_144_208,0
004_144_224,0
004_144_240,0
004_144_256,0
004_144_272,0
004_144_288,0
004_144_304,0
004_144_320,0
004_144_336,0
004_144_352,0
004_144_368,0
004_144_384,0
004_144_400,0
004_144_416,0
004_144_432,0
004_144_448,0
004_144_464,0
004_144_480,0
004_144_496,0
004_144_512,1
004_144_528,1
004_144_544,1
004_144_560,0
004_144_576,0
004_144_592,0
004_160_0,0
004_160_16,0
004_160_32,0
004_160_48,0
004_160_64,0
004_160_80,0
004_160_96,0
004_160_112,0
004_160_128,1
004_160_144,0
004_160_160,0
004_160_176,0
004_160_192,1
004_160_208,0
004_160_224,0
004_160_240,0
004_160_256,0
004_160_272,0
004_160_288,0
004_160_304,0
004_160_320,0
004_160_336,0
004_160_352,0
004_160_368,0
004_160_384,0
004_160_400,0
004_160_416,0
004_160_432,0
004_160_448,0
004_160_464,0
004_160_480,0
004_160_496,0
004_160_512,1
004_160_528,1
004_160_544,1
004_160_560,0
004_160_576,0
004_160_592,0
004_176_0,1
004_176_16,0
004_176_32,0
004_176_48,0
004_176_64,0
004_176_80,0
004_176_96,0
004_176_112,1
004_176_128,1
004_176_144,1
004_176_160,1
004_176_176,1
004_176_192,1
004_176_208,1
004_176_224,0
004_176_240,0
004_176_256,0
004_176_272,0
004_176_288,0
004_176_304,0
004_176_320,0
004_176_336,0
004_176_352,0
004_176_368,0
004_176_384,0
004_176_400,0
004_176_416,0
004_176_432,0
004_176_448,0
004_176_464,0
004_176_480,0
004_176_496,0
004_176_512,1
004_176_528,1
004_176_544,1
004_176_560,0
004_176_576,0
004_176_592,0
004_192_0,1
004_192_16,1
004_192_32,1
004_192_48,1
004_192_64,1
004_192_80,1
004_192_96,1
004_192_112,1
004_192_128,1
004_192_144,1
004_192_160,1
004_192_176,1
004_192_192,1
004_192_208,1
004_192_224,1
004_192_240,1
004_192_256,1
004_192_272,1
004_192_288,1
004_192_304,1
004_192_320,1
004_192_336,1
004_192_352,1
004_192_368,1
004_192_384,1
004_192_400,1
004_192_416,1
004_192_432,1
004_192_448,1
004_192_464,1
004_192_480,1
004_192_496,1
004_192_512,1
004_192_528,1
004_192_544,1
004_192_560,0
004_192_576,0
004_192_592,0
004_208_0,1
004_208_16,1
004_208_32,1
004_208_48,1
004_208_64,1
004_208_80,1
004_208_96,1
004_208_112,1
004_208_128,1
004_208_144,1
004_208_160,1
004_208_176,1
004_208_192,1
004_208_208,1
004_208_224,1
004_208_240,1
004_208_256,1
004_208_272,1
004_208_288,1
004_208_304,1
004_208_320,1
004_208_336,1
004_208_352,1
004_208_368,1
004_208_384,1
004_208_400,1
004_208_416,1
004_208_432,1
004_208_448,1
004_208_464,1
004_208_480,1
004_208_496,1
004_208_512,1
004_208_528,1
004_208_544,1
004_208_560,0
004_208_576,0
004_208_592,0
004_224_0,1
004_224_16,0
004_224_32,0
004_224_48,1
004_224_64,1
004_224_80,0
004_224_96,0
004_224_112,0
004_224_128,0
004_224_144,0
004_224_160,1
004_224_176,0
004_224_192,0
004_224_208,0
004_224_224,0
004_224_240,0
004_224_256,0
004_224_272,0
004_224_288,0
004_224_304,0
004_224_320,0
004_224_336,0
004_224_352,0
004_224_368,0
004_224_384,0
004_224_400,0
004_224_416,0
004_224_432,0
004_224_448,0
004_224_464,0
004_224_480,1
004_224_496,1
004_224_512,1
004_224_528,1
004_224_544,1
004_224_560,1
004_224_576,0
004_224_592,0
004_240_0,0
004_240_16,0
004_240_32,0
004_240_48,1
004_240_64,1
004_240_80,0
004_240_96,0
004_240_112,0
004_240_128,0
004_240_144,0
004_240_160,1
004_240_176,0
004_240_192,0
004_240_208,0
004_240_224,0
004_240_240,0
004_240_256,0
004_240_272,0
004_240_288,0
004_240_304,0
004_240_320,0
004_240_336,0
004_240_352,0
004_240_368,0
004_240_384,0
004_240_400,0
004_240_416,0
004_240_432,0
004_240_448,0
004_240_464,1
004_240_480,1
004_240_496,1
004_240_512,0
004_240_528,0
004_240_544,1
004_240_560,1
004_240_576,1
004_240_592,0
004_256_0,0
004_256_16,0
004_256_32,0
004_256_48,1
004_256_64,1
004_256_80,0
004_256_96,0
004_256_112,0
004_256_128,0
004_256_144,0
004_256_160,1
004_256_176,0
004_256_192,0
004_256_208,0
004_256_224,0
004_256_240,0
004_256_256,0
004_256_272,0
004_256_288,0
004_256_304,0
004_256_320,0
004_256_336,0
004_256_352,0
004_256_368,0
004_256_384,0
004_256_400,0
004_256_416,0
004_256_432,1
004_256_448,1
004_256_464,1
004_256_480,1
004_256_496,0
004_256_512,0
004_256_528,0
004_256_544,1
004_256_560,1
004_256_576,1
004_256_592,1
004_272_0,0
004_272_16,0
004_272_32,0
004_272_48,0
004_272_64,0
004_272_80,0
004_272_96,0
004_272_112,0
004_272_128,0
004_272_144,0
004_272_160,1
004_272_176,0
004_272_192,0
004_272_208,0
004_272_224,0
004_272_240,0
004_272_256,0
004_272_272,0
004_272_288,0
004_272_304,0
004_272_320,0
004_272_336,0
004_272_352,0
004_272_368,0
004_272_384,0
004_272_400,0
004_272_416,1
004_272_432,1
004_272_448,1
004_272_464,1
004_272_480,0
004_272_496,0
004_272_512,0
004_272_528,0
004_272_544,0
004_272_560,1
004_272_576,1
004_272_592,1
004_288_0,0
004_288_16,0
004_288_32,0
004_288_48,0
004_288_64,0
004_288_80,0
004_288_96,0
004_288_112,0
004_288_128,0
004_288_144,1
004_288_160,1
004_288_176,0
004_288_192,0
004_288_208,0
004_288_224,0
004_288_240,0
004_288_256,0
004_288_272,0
004_288_288,0
004_288_304,0
004_288_320,0
004_288_336,0
004_288_352,0
004_288_368,0
004_288_384,0
004_288_400,1
004_288_416,1
004_288_432,1
004_288_448,1
004_288_464,0
004_288_480,0
004_288_496,0
004_288_512,0
004_288_528,0
004_288_544,0
004_288_560,0
004_288_576,1
004_288_592,1
004_304_0,1
004_304_16,1
004_304_32,1
004_304_48,1
004_304_64,0
004_304_80,0
004_304_96,0
004_304_112,0
004_304_128,0
004_304_144,1
004_304_160,1
004_304_176,0
004_304_192,0
004_304_208,0
004_304_224,0
004_304_240,0
004_304_256,0
004_304_272,0
004_304_288,0
004_304_304,0
004_304_320,0
004_304_336,0
004_304_352,0
004_304_368,0
004_304_384,1
004_304_400,1
004_304_416,1
004_304_432,0
004_304_448,0
004_304_464,0
004_304_480,0
004_304_496,0
004_304_512,1
004_304_528,1
004_304_544,0
004_304_560,0
004_304_576,0
004_304_592,1
004_320_0,0
004_320_16,0
004_320_32,0
004_320_48,1
004_320_64,0
004_320_80,0
004_320_96,0
004_320_112,0
004_320_128,0
004_320_144,1
004_320_160,1
004_320_176,0
004_320_192,0
004_320_208,0
004_320_224,0
004_320_240,0
004_320_256,0
004_320_272,0
004_320_288,0
004_320_304,0
004_320_320,0
004_320_336,0
004_320_352,1
004_320_368,1
004_320_384,1
004_320_400,1
004_320_416,0
004_320_432,0
004_320_448,0
004_320_464,0
004_320_480,0
004_320_496,0
004_320_512,0
004_320_528,0
004_320_544,0
004_320_560,0
004_320_576,0
004_320_592,0
004_336_0,0
004_336_16,0
004_336_32,0
004_336_48,0
004_336_64,0
004_336_80,0
004_336_96,0
004_336_112,0
004_336_128,0
004_336_144,1
004_336_160,1
004_336_176,1
004_336_192,1
004_336_208,1
004_336_224,1
004_336_240,1
004_336_256,1
004_336_272,1
004_336_288,1
004_336_304,0
004_336_320,0
004_336_336,1
004_336_352,1
004_336_368,1
004_336_384,1
004_336_400,0
004_336_416,0
004_336_432,0
004_336_448,0
004_336_464,0
004_336_480,0
004_336_496,0
004_336_512,0
004_336_528,0
004_336_544,0
004_336_560,0
004_336_576,0
004_336_592,0
004_352_0,0
004_352_16,0
004_352_32,0
004_352_48,0
004_352_64,0
004_352_80,0
004_352_96,0
004_352_112,0
004_352_128,0
004_352_144,0
004_352_160,1
004_352_176,0
004_352_192,0
004_352_208,0
004_352_224,0
004_352_240,0
004_352_256,0
004_352_272,0
004_352_288,0
004_352_304,0
004_352_320,1
004_352_336,1
004_352_352,1
004_352_368,1
004_352_384,0
004_352_400,0
004_352_416,0
004_352_432,0
004_352_448,0
004_352_464,0
004_352_480,0
004_352_496,0
004_352_512,0
004_352_528,0
004_352_544,0
004_352_560,1
004_352_576,0
004_352_592,0
004_368_0,0
004_368_16,0
004_368_32,0
004_368_48,0
004_368_64,0
004_368_80,0
004_368_96,0
004_368_112,0
004_368_128,0
004_368_144,0
004_368_160,1
004_368_176,0
004_368_192,0
004_368_208,0
004_368_224,0
004_368_240,0
004_368_256,0
004_368_272,0
004_368_288,0
004_368_304,1
004_368_320,1
004_368_336,1
004_368_352,1
004_368_368,0
004_368_384,0
004_368_400,0
004_368_416,0
004_368_432,0
004_368_448,0
004_368_464,0
004_368_480,0
004_368_496,0
004_368_512,0
004_368_528,0
004_368_544,1
004_368_560,0
004_368_576,0
004_368_592,0
004_384_0,0
004_384_16,0
004_384_32,0
004_384_48,0
004_384_64,0
004_384_80,0
004_384_96,0
004_384_112,0
004_384_128,0
004_384_144,0
004_384_160,1
004_384_176,0
004_384_192,0
004_384_208,0
004_384_224,0
004_384_240,0
004_384_256,0
004_384_272,0
004_384_288,1
004_384_304,1
004_384_320,1
004_384_336,1
004_384_352,0
004_384_368,0
004_384_384,0
004_384_400,0
004_384_416,0
004_384_432,0
004_384_448,0
004_384_464,0
004_384_480,0
004_384_496,0
004_384_512,1
004_384_528,1
004_384_544,0
004_384_560,0
004_384_576,0
004_384_592,0
004_400_0,0
004_400_16,0
004_400_32,0
004_400_48,0
004_400_64,0
004_400_80,0
004_400_96,0
004_400_112,0
004_400_128,0
004_400_144,0
004_400_160,0
004_400_176,0
004_400_192,0
004_400_208,0
004_400_224,0
004_400_240,0
004_400_256,1
004_400_272,1
004_400_288,1
004_400_304,1
004_400_320,0
004_400_336,0
004_400_352,0
004_400_368,0
004_400_384,0
004_400_400,0
004_400_416,0
004_400_432,0
004_400_448,0
004_400_464,0
004_400_480,0
004_400_496,1
004_400_512,1
004_400_528,0
004_400_544,0
004_400_560,0
004_400_576,0
004_400_592,0
004_416_0,0
004_416_16,0
004_416_32,0
004_416_48,0
004_416_64,0
004_416_80,0
004_416_96,0
004_416_112,0
004_416_128,0
004_416_144,0
004_416_160,0
004_416_176,0
004_416_192,0
004_416_208,0
004_416_224,0
004_416_240,1
004_416_256,1
004_416_272,1
004_416_288,1
004_416_304,0
004_416_320,0
004_416_336,0
004_416_352,0
004_416_368,0
004_416_384,0
004_416_400,0
004_416_416,0
004_416_432,0
004_416_448,0
004_416_464,0
004_416_480,1
004_416_496,1
004_416_512,0
004_416_528,0
004_416_544,0
004_416_560,0
004_416_576,0
004_416_592,0
004_432_0,0
004_432_16,0
004_432_32,0
004_432_48,0
004_432_64,0
004_432_80,0
004_432_96,0
004_432_112,0
004_432_128,0
004_432_144,0
004_432_160,0
004_432_176,0
004_432_192,0
004_432_208,0
004_432_224,1
004_432_240,1
004_432_256,1
004_432_272,1
004_432_288,0
004_432_304,0
004_432_320,0
004_432_336,0
004_432_352,0
004_432_368,0
004_432_384,0
004_432_400,0
004_432_416,0
004_432_432,0
004_432_448,0
004_432_464,1
004_432_480,1
004_432_496,0
004_432_512,0
004_432_528,0
004_432_544,0
004_432_560,0
004_432_576,0
004_432_592,0
004_448_0,0
004_448_16,0
004_448_32,0
004_448_48,0
004_448_64,0
004_448_80,0
004_448_96,0
004_448_112,0
004_448_128,0
004_448_144,0
004_448_160,0
004_448_176,0
004_448_192,0
004_448_208,1
004_448_224,1
004_448_240,1
004_448_256,1
004_448_272,0
004_448_288,0
004_448_304,0
004_448_320,0
004_448_336,0
004_448_352,0
004_448_368,0
004_448_384,0
004_448_400,0
004_448_416,0
004_448_432,1
004_448_448,1
004_448_464,0
004_448_480,0
004_448_496,0
004_448_512,0
004_448_528,0
004_448_544,0
004_448_560,0
004_448_576,0
004_448_592,0
004_464_0,1
004_464_16,1
004_464_32,1
004_464_48,1
004_464_64,1
004_464_80,1
004_464_96,1
004_464_112,1
004_464_128,1
004_464_144,1
004_464_160,1
004_464_176,1
004_464_192,1
004_464_208,1
004_464_224,1
004_464_240,1
004_464_256,0
004_464_272,0
004_464_288,0
004_464_304,0
004_464_320,0
004_464_336,0
004_464_352,0
004_464_368,0
004_464_384,0
004_464_400,0
004_464_416,1
004_464_432,1
004_464_448,0
004_464_464,0
004_464_480,0
004_464_496,0
004_464_512,0
004_464_528,0
004_464_544,0
004_464_560,0
004_464_576,0
004_464_592,0
004_480_0,1
004_480_16,1
004_480_32,1
004_480_48,1
004_480_64,1
004_480_80,1
004_480_96,1
004_480_112,1
004_480_128,1
004_480_144,1
004_480_160,1
004_480_176,1
004_480_192,1
004_480_208,1
004_480_224,0
004_480_240,0
004_480_256,0
004_480_272,0
004_480_288,0
004_480_304,0
004_480_320,0
004_480_336,0
004_480_352,0
004_480_368,0
004_480_384,0
004_480_400,1
004_480_416,1
004_480_432,0
004_480_448,0
004_480_464,0
004_480_480,0
004_480_496,0
004_480_512,0
004_480_528,0
004_480_544,0
004_480_560,0
004_480_576,0
004_480_592,0
004_496_0,1
004_496_16,0
004_496_32,0
004_496_48,0
004_496_64,1
004_496_80,0
004_496_96,1
004_496_112,0
004_496_128,0
004_496_144,0
004_496_160,0
004_496_176,0
004_496_192,0
004_496_208,0
004_496_224,0
004_496_240,0
004_496_256,0
004_496_272,0
004_496_288,0
004_496_304,0
004_496_320,0
004_496_336,0
004_496_352,0
004_496_368,0
004_496_384,1
004_496_400,1
004_496_416,0
004_496_432,0
004_496_448,0
004_496_464,0
004_496_480,0
004_496_496,0
004_496_512,0
004_496_528,0
004_496_544,0
004_496_560,0
004_496_576,0
004_496_592,0
004_512_0,1
004_512_16,1
004_512_32,1
004_512_48,1
004_512_64,1
004_512_80,0
004_512_96,1
004_512_112,1
004_512_128,0
004_512_144,0
004_512_160,0
004_512_176,0
004_512_192,0
004_512_208,0
004_512_224,0
004_512_240,0
004_512_256,0
004_512_272,0
004_512_288,0
004_512_304,0
004_512_320,0
004_512_336,0
004_512_352,1
004_512_368,1
004_512_384,0
004_512_400,0
004_512_416,0
004_512_432,0
004_512_448,0
004_512_464,0
004_512_480,0
004_512_496,0
004_512_512,0
004_512_528,0
004_512_544,0
004_512_560,0
004_512_576,0
004_512_592,1
004_528_0,1
004_528_16,1
004_528_32,1
004_528_48,1
004_528_64,1
004_528_80,0
004_528_96,1
004_528_112,1
004_528_128,0
004_528_144,0
004_528_160,0
004_528_176,0
004_528_192,0
004_528_208,0
004_528_224,0
004_528_240,0
004_528_256,0
004_528_272,0
004_528_288,0
004_528_304,0
004_528_320,0
004_528_336,1
004_528_352,1
004_528_368,0
004_528_384,0
004_528_400,0
004_528_416,0
004_528_432,0
004_528_448,0
004_528_464,0
004_528_480,0
004_528_496,0
004_528_512,0
004_528_528,0
004_528_544,0
004_528_560,1
004_528_576,1
004_528_592,1
004_544_0,1
004_544_16,1
004_544_32,1
004_544_48,1
004_544_64,1
004_544_80,0
004_544_96,1
004_544_112,1
004_544_128,0
004_544_144,0
004_544_160,0
004_544_176,0
004_544_192,0
004_544_208,0
004_544_224,0
004_544_240,0
004_544_256,0
004_544_272,0
004_544_288,0
004_544_304,0
004_544_320,1
004_544_336,1
004_544_352,0
004_544_368,0
004_544_384,0
004_544_400,0
004_544_416,0
004_544_432,0
004_544_448,0
004_544_464,0
004_544_480,0
004_544_496,0
004_544_512,0
004_544_528,0
004_544_544,1
004_544_560,1
004_544_576,1
004_544_592,0
004_560_0,0
004_560_16,0
004_560_32,0
004_560_48,0
004_560_64,0
004_560_80,0
004_560_96,1
004_560_112,1
004_560_128,0
004_560_144,0
004_560_160,0
004_560_176,0
004_560_192,0
004_560_208,0
004_560_224,0
004_560_240,0
004_560_256,0
004_560_272,0
004_560_288,0
004_560_304,1
004_560_320,1
004_560_336,0
004_560_352,0
004_560_368,0
004_560_384,0
004_560_400,0
004_560_416,0
004_560_432,0
004_560_448,0
004_560_464,0
004_560_480,0
004_560_496,0
004_560_512,0
004_560_528,1
004_560_544,1
004_560_560,1
004_560_576,0
004_560_592,0
004_576_0,0
004_576_16,0
004_576_32,0
004_576_48,0
004_576_64,0
004_576_80,0
004_576_96,0
004_576_112,0
004_576_128,0
004_576_144,0
004_576_160,0
004_576_176,0
004_576_192,0
004_576_208,0
004_576_224,0
004_576_240,0
004_576_256,0
004_576_272,0
004_576_288,0
004_576_304,1
004_576_320,0
004_576_336,0
004_576_352,0
004_576_368,0
004_576_384,0
004_576_400,0
004_576_416,0
004_576_432,0
004_576_448,0
004_576_464,0
004_576_480,0
004_576_496,0
004_576_512,1
004_576_528,1
004_576_544,1
004_576_560,0
004_576_576,0
004_576_592,0
004_592_0,0
004_592_16,0
004_592_32,0
004_592_48,0
004_592_64,0
004_592_80,0
004_592_96,0
004_592_112,0
004_592_128,0
004_592_144,0
004_592_160,0
004_592_176,0
004_592_192,0
004_592_208,0
004_592_224,0
004_592_240,0
004_592_256,0
004_592_272,0
004_592_288,0
004_592_304,0
004_592_320,0
004_592_336,0
004_592_352,0
004_592_368,0
004_592_384,0
004_592_400,0
004_592_416,0
004_592_432,0
004_592_448,0
004_592_464,0
004_592_480,0
004_592_496,1
004_592_512,1
004_592_528,1
004_592_544,0
004_592_560,0
004_592_576,0
004_592_592,0
005_0_0,0
005_0_16,0
005_0_32,0
005_0_48,0
005_0_64,0
005_0_80,0
005_0_96,0
005_0_112,0
005_0_128,0
005_0_144,0
005_0_160,1
005_0_176,1
005_0_192,1
005_0_208,1
005_0_224,0
005_0_240,0
005_0_256,0
005_0_272,0
005_0_288,0
005_0_304,0
005_0_320,0
005_0_336,0
005_0_352,0
005_0_368,1
005_0_384,0
005_0_400,0
005_0_416,0
005_0_432,0
005_0_448,0
005_0_464,0
005_0_480,0
005_0_496,0
005_0_512,0
005_0_528,0
005_0_544,1
005_0_560,1
005_0_576,1
005_0_592,0
005_16_0,1
005_16_16,0
005_16_32,1
005_16_48,1
005_16_64,1
005_16_80,1
005_16_96,0
005_16_112,0
005_16_128,0
005_16_144,0
005_16_160,0
005_16_176,1
005_16_192,1
005_16_208,1
005_16_224,1
005_16_240,0
005_16_256,0
005_16_272,0
005_16_288,0
005_16_304,0
005_16_320,0
005_16_336,0
005_16_352,0
005_16_368,0
005_16_384,1
005_16_400,0
005_16_416,0
005_16_432,0
005_16_448,0
005_16_464,0
005_16_480,0
005_16_496,0
005_16_512,0
005_16_528,1
005_16_544,1
005_16_560,1
005_16_576,0
005_16_592,0
005_32_0,1
005_32_16,1
005_32_32,1
005_32_48,1
005_32_64,1
005_32_80,1
005_32_96,0
005_32_112,0
005_32_128,0
005_32_144,0
005_32_160,0
005_32_176,0
005_32_192,1
005_32_208,1
005_32_224,1
005_32_240,1
005_32_256,0
005_32_272,0
005_32_288,0
005_32_304,0
005_32_320,0
005_32_336,0
005_32_352,0
005_32_368,0
005_32_384,1
005_32_400,1
005_32_416,0
005_32_432,0
005_32_448,0
005_32_464,0
005_32_480,0
005_32_496,1
005_32_512,1
005_32_528,1
005_32_544,1
005_32_560,0
005_32_576,0
005_32_592,0
005_48_0,1
005_48_16,1
005_48_32,1
005_48_48,1
005_48_64,1
005_48_80,1
005_48_96,1
005_48_112,0
005_48_128,0
005_48_144,0
005_48_160,0
005_48_176,0
005_48_192,0
005_48_208,1
005_48_224,1
005_48_240,1
005_48_256,1
005_48_272,0
005_48_288,0
005_48_304,0
005_48_320,0
005_48_336,0
005_48_352,0
005_48_368,0
005_48_384,0
005_48_400,1
005_48_416,1
005_48_432,0
005_48_448,0
005_48_464,0
005_48_480,1
005_48_496,1
005_48_512,1
005_48_528,1
005_48_544,0
005_48_560,0
005_48_576,0
005_48_592,0
005_64_0,0
005_64_16,0
005_64_32,1
005_64_48,1
005_64_64,1
005_64_80,1
005_64_96,1
005_64_112,0
005_64_128,0
005_64_144,0
005_64_160,0
005_64_176,0
005_64_192,0
005_64_208,0
005_64_224,1
005_64_240,1
005_64_256,1
005_64_272,1
005_64_288,0
005_64_304,0
005_64_320,1
005_64_336,0
005_64_352,0
005_64_368,0
005_64_384,0
005_64_400,0
005_64_416,0
005_64_432,0
005_64_448,0
005_64_464,1
005_64_480,1
005_64_496,1
005_64_512,1
005_64_528,0
005_64_544,0
005_64_560,0
005_64_576,0
005_64_592,0
005_80_0,0
005_80_16,0
005_80_32,0
005_80_48,0
005_80_64,1
005_80_80,1
005_80_96,1
005_80_112,0
005_80_128,0
005_80_144,0
005_80_160,0
005_80_176,0
005_80_192,0
005_80_208,0
005_80_224,0
005_80_240,1
005_80_256,1
005_80_272,1
005_80_288,1
005_80_304,0
005_80_320,1
005_80_336,1
005_80_352,0
005_80_368,0
005_80_384,0
005_80_400,0
005_80_416,0
005_80_432,0
005_80_448,1
005_80_464,1
005_80_480,1
005_80_496,1
005_80_512,0
005_80_528,0
005_80_544,0
005_80_560,0
005_80_576,0
005_80_592,0
005_96_0,0
005_96_16,0
005_96_32,0
005_96_48,0
005_96_64,1
005_96_80,1
005_96_96,1
005_96_112,0
005_96_128,0
005_96_144,0
005_96_160,0
005_96_176,0
005_96_192,0
005_96_208,0
005_96_224,0
005_96_240,1
005_96_256,1
005_96_272,1
005_96_288,1
005_96_304,0
005_96_320,0
005_96_336,1
005_96_352,0
005_96_368,0
005_96_384,0
005_96_400,0
005_96_416,0
005_96_432,1
005_96_448,1
005_96_464,1
005_96_480,1
005_96_496,0
005_96_512,0
005_96_528,0
005_96_544,0
005_96_560,0
005_96_576,0
005_96_592,0
005_112_0,0
005_112_16,0
005_112_32,0
005_112_48,1
005_112_64,1
005_112_80,1
005_112_96,1
005_112_112,0
005_112_128,0
005_112_144,0
005_112_160,0
005_112_176,0
005_112_192,0
005_112_208,0
005_112_224,0
005_112_240,1
005_112_256,1
005_112_272,1
005_112_288,1
005_112_304,1
005_112_320,0
005_112_336,0
005_112_352,0
005_112_368,0
005_112_384,0
005_112_400,0
005_112_416,1
005_112_432,1
005_112_448,1
005_112_464,1
005_112_480,0
005_112_496,0
005_112_512,0
005_112_528,0
005_112_544,0
005_112_560,0
005_112_576,0
005_112_592,1
005_128_0,1
005_128_16,0
005_128_32,1
005_128_48,1
005_128_64,1
005_128_80,1
005_128_96,1
005_128_112,1
005_128_128,1
005_128_144,1
005_128_160,0
005_128_176,0
005_128_192,0
005_128_208,0
005_128_224,1
005_128_240,1
005_128_256,0
005_128_272,1
005_128_288,1
005_128_304,1
005_128_320,1
005_128_336,0
005_128_352,0
005_128_368,0
005_128_384,0
005_128_400,0
005_128_416,1
005_128_432,1
005_128_448,1
005_128_464,0
005_128_480,0
005_128_496,0
005_128_512,0
005_128_528,0
005_128_544,0
005_128_560,0
005_128_576,1
005_128_592,1
005_144_0,0
005_144_16,0
005_144_32,0
005_144_48,1
005_144_64,1
005_144_80,1
005_144_96,1
005_144_112,1
005_144_128,1
005_144_144,1
005_144_160,1
005_144_176,0
005_144_192,0
005_144_208,0
005_144_224,1
005_144_240,0
005_144_256,0
005_144_272,0
005_144_288,1
005_144_304,1
005_144_320,1
005_144_336,1
005_144_352,0
005_144_368,0
005_144_384,1
005_144_400,1
005_144_416,1
005_144_432,1
005_144_448,0
005_144_464,0
005_144_480,0
005_144_496,0
005_144_512,0
005_144_528,0
005_144_544,1
005_144_560,1
005_144_576,1
005_144_592,0
005_160_0,0
005_160_16,0
005_160_32,0
005_160_48,0
005_160_64,0
005_160_80,0
005_160_96,0
005_160_112,0
005_160_128,0
005_160_144,0
005_160_160,0
005_160_176,0
005_160_192,0
005_160_208,0
005_160_224,0
005_160_240,0
005_160_256,0
005_160_272,0
005_160_288,0
005_160_304,1
005_160_320,1
005_160_336,1
005_160_352,1
005_160_368,1
005_160_384,1
005_160_400,1
005_160_416,0
005_160_432,0
005_160_448,0
005_160_464,0
005_160_480,0
005_160_496,0
005_160_512,0
005_160_528,1
005_160_544,1
005_160_560,0
005_160_576,0
005_160_592,0
005_176_0,1
005_176_16,1
005_176_32,1
005_176_48,1
005_176_64,1
005_176_80,1
005_176_96,1
005_176_112,0
005_176_128,0
005_176_144,0
005_176_160,0
005_176_176,0
005_176_192,0
005_176_208,1
005_176_224,1
005_176_240,1
005_176_256,1
005_176_272,1
005_176_288,1
005_176_304,1
005_176_320,1
005_176_336,1
005_176_352,1
005_176_368,1
005_176_384,1
005_176_400,1
005_176_416,0
005_176_432,0
005_176_448,0
005_176_464,0
005_176_480,0
005_176_496,0
005_176_512,1
005_176_528,0
005_176_544,0
005_176_560,0
005_176_576,0
005_176_592,0
005_192_0,1
005_192_16,1
005_192_32,1
005_192_48,1
005_192_64,1
005_192_80,1
005_192_96,1
005_192_112,1
005_192_128,0
005_192_144,0
005_192_160,1
005_192_176,1
005_192_192,1
005_192_208,1
005_192_224,1
005_192_240,1
005_192_256,1
005_192_272,1
005_192_288,1
005_192_304,1
005_192_320,1
005_192_336,1
005_192_352,1
005_192_368,1
005_192_384,1
005_192_400,0
005_192_416,0
005_192_432,0
005_192_448,0
005_192_464,0
005_192_480,0
005_192_496,0
005_192_512,1
005_192_528,1
005_192_544,0
005_192_560,0
005_192_576,0
005_192_592,0
005_208_0,1
005_208_16,1
005_208_32,1
005_208_48,1
005_208_64,1
005_208_80,0
005_208_96,0
005_208_112,0
005_208_128,0
005_208_144,0
005_208_160,0
005_208_176,0
005_208_192,1
005_208_208,1
005_208_224,1
005_208_240,1
005_208_256,1
005_208_272,1
005_208_288,1
005_208_304,0
005_208_320,1
005_208_336,1
005_208_352,1
005_208_368,1
005_208_384,1
005_208_400,0
005_208_416,0
005_208_432,0
005_208_448,0
005_208_464,0
005_208_480,0
005_208_496,0
005_208_512,0
005_208_528,1
005_208_544,1
005_208_560,0
005_208_576,0
005_208_592,0
005_224_0,0
005_224_16,0
005_224_32,0
005_224_48,0
005_224_64,0
005_224_80,0
005_224_96,0
005_224_112,0
005_224_128,0
005_224_144,0
005_224_160,0
005_224_176,0
005_224_192,0
005_224_208,0
005_224_224,0
005_224_240,0
005_224_256,0
005_224_272,0
005_224_288,0
005_224_304,0
005_224_320,0
005_224_336,0
005_224_352,1
005_224_368,1
005_224_384,1
005_224_400,0
005_224_416,0
005_224_432,0
005_224_448,0
005_224_464,0
005_224_480,0
005_224_496,0
005_224_512,0
005_224_528,0
005_224_544,1
005_224_560,1
005_224_576,0
005_224_592,0
005_240_0,0
005_240_16,0
005_240_32,0
005_240_48,0
005_240_64,0
005_240_80,0
005_240_96,1
005_240_112,0
005_240_128,0
005_240_144,0
005_240_160,0
005_240_176,0
005_240_192,0
005_240_208,0
005_240_224,0
005_240_240,0
005_240_256,0
005_240_272,0
005_240_288,0
005_240_304,0
005_240_320,0
005_240_336,0
005_240_352,1
005_240_368,1
005_240_384,1
005_240_400,1
005_240_416,0
005_240_432,0
005_240_448,0
005_240_464,0
005_240_480,0
005_240_496,0
005_240_512,0
005_240_528,0
005_240_544,0
005_240_560,1
005_240_576,1
005_240_592,0
005_256_0,0
005_256_16,0
005_256_32,0
005_256_48,0
005_256_64,0
005_256_80,0
005_256_96,1
005_256_112,0
005_256_128,0
005_256_144,0
005_256_160,0
005_256_176,0
005_256_192,0
005_256_208,0
005_256_224,0
005_256_240,0
005_256_256,0
005_256_272,0
005_256_288,0
005_256_304,0
005_256_320,0
005_256_336,0
005_256_352,0
005_256_368,1
005_256_384,1
005_256_400,1
005_256_416,1
005_256_432,0
005_256_448,0
005_256_464,0
005_256_480,0
005_256_496,0
005_256_512,0
005_256_528,0
005_256_544,0
005_256_560,1
005_256_576,1
005_256_592,1
005_272_0,0
005_272_16,0
005_272_32,0
005_272_48,0
005_272_64,0
005_272_80,0
005_272_96,1
005_272_112,0
005_272_128,0
005_272_144,0
005_272_160,0
005_272_176,0
005_272_192,0
005_272_208,0
005_272_224,0
005_272_240,0
005_272_256,0
005_272_272,0
005_272_288,0
005_272_304,0
005_272_320,0
005_272_336,0
005_272_352,0
005_272_368,0
005_272_384,1
005_272_400,1
005_272_416,1
005_272_432,1
005_272_448,0
005_272_464,0
005_272_480,0
005_272_496,0
005_272_512,0
005_272_528,0
005_272_544,1
005_272_560,1
005_272_576,1
005_272_592,1
005_288_0,0
005_288_16,0
005_288_32,0
005_288_48,0
005_288_64,0
005_288_80,0
005_288_96,1
005_288_112,0
005_288_128,0
005_288_144,0
005_288_160,0
005_288_176,0
005_288_192,0
005_288_208,0
005_288_224,0
005_288_240,0
005_288_256,0
005_288_272,1
005_288_288,0
005_288_304,0
005_288_320,0
005_288_336,0
005_288_352,0
005_288_368,0
005_288_384,0
005_288_400,1
005_288_416,1
005_288_432,1
005_288_448,1
005_288_464,0
005_288_480,0
005_288_496,0
005_288_512,0
005_288_528,1
005_288_544,1
005_288_560,1
005_288_576,1
005_288_592,1
005_304_0,0
005_304_16,0
005_304_32,0
005_304_48,0
005_304_64,0
005_304_80,0
005_304_96,1
005_304_112,0
005_304_128,0
005_304_144,0
005_304_160,0
005_304_176,0
005_304_192,0
005_304_208,0
005_304_224,0
005_304_240,0
005_304_256,0
005_304_272,0
005_304_288,0
005_304_304,0
005_304_320,0
005_304_336,0
005_304_352,0
005_304_368,0
005_304_384,0
005_304_400,0
005_304_416,1
005_304_432,1
005_304_448,1
005_304_464,1
005_304_480,0
005_304_496,0
005_304_512,1
005_304_528,1
005_304_544,1
005_304_560,0
005_304_576,0
005_304_592,0
005_320_0,0
005_320_16,0
005_320_32,0
005_320_48,0
005_320_64,0
005_320_80,0
005_320_96,1
005_320_112,1
005_320_128,1
005_320_144,1
005_320_160,1
005_320_176,1
005_320_192,1
005_320_208,1
005_320_224,1
005_320_240,1
005_320_256,1
005_320_272,1
005_320_288,1
005_320_304,0
005_320_320,0
005_320_336,0
005_320_352,0
005_320_368,0
005_320_384,0
005_320_400,0
005_320_416,0
005_320_432,1
005_320_448,1
005_320_464,1
005_320_480,1
005_320_496,1
005_320_512,1
005_320_528,1
005_320_544,0
005_320_560,0
005_320_576,0
005_320_592,0
005_336_0,0
005_336_16,0
005_336_32,0
005_336_48,0
005_336_64,0
005_336_80,0
005_336_96,1
005_336_112,0
005_336_128,0
005_336_144,0
005_336_160,0
005_336_176,0
005_336_192,0
005_336_208,0
005_336_224,0
005_336_240,0
005_336_256,0
005_336_272,0
005_336_288,1
005_336_304,0
005_336_320,0
005_336_336,0
005_336_352,0
005_336_368,0
005_336_384,0
005_336_400,0
005_336_416,0
005_336_432,0
005_336_448,1
005_336_464,1
005_336_480,1
005_336_496,1
005_336_512,1
005_336_528,0
005_336_544,0
005_336_560,0
005_336_576,0
005_336_592,0
005_352_0,0
005_352_16,0
005_352_32,0
005_352_48,0
005_352_64,0
005_352_80,0
005_352_96,1
005_352_112,0
005_352_128,0
005_352_144,0
005_352_160,0
005_352_176,0
005_352_192,0
005_352_208,0
005_352_224,0
005_352_240,0
005_352_256,0
005_352_272,0
005_352_288,0
005_352_304,1
005_352_320,0
005_352_336,0
005_352_352,0
005_352_368,0
005_352_384,0
005_352_400,0
005_352_416,0
005_352_432,0
005_352_448,1
005_352_464,1
005_352_480,1
005_352_496,1
005_352_512,0
005_352_528,0
005_352_544,0
005_352_560,0
005_352_576,0
005_352_592,0
005_368_0,0
005_368_16,0
005_368_32,0
005_368_48,0
005_368_64,0
005_368_80,0
005_368_96,1
005_368_112,0
005_368_128,0
005_368_144,0
005_368_160,0
005_368_176,0
005_368_192,0
005_368_208,0
005_368_224,0
005_368_240,0
005_368_256,0
005_368_272,0
005_368_288,0
005_368_304,1
005_368_320,1
005_368_336,0
005_368_352,0
005_368_368,0
005_368_384,0
005_368_400,0
005_368_416,0
005_368_432,0
005_368_448,0
005_368_464,1
005_368_480,1
005_368_496,1
005_368_512,1
005_368_528,0
005_368_544,0
005_368_560,0
005_368_576,0
005_368_592,0
005_384_0,0
005_384_16,0
005_384_32,0
005_384_48,0
005_384_64,0
005_384_80,0
005_384_96,0
005_384_112,0
005_384_128,0
005_384_144,0
005_384_160,0
005_384_176,0
005_384_192,0
005_384_208,0
005_384_224,0
005_384_240,0
005_384_256,0
005_384_272,0
005_384_288,0
005_384_304,0
005_384_320,1
005_384_336,1
005_384_352,0
005_384_368,0
005_384_384,0
005_384_400,0
005_384_416,0
005_384_432,0
005_384_448,0
005_384_464,0
005_384_480,1
005_384_496,1
005_384_512,1
005_384_528,1
005_384_544,0
005_384_560,0
005_384_576,0
005_384_592,0
005_400_0,0
005_400_16,0
005_400_32,0
005_400_48,0
005_400_64,0
005_400_80,0
005_400_96,0
005_400_112,0
005_400_128,0
005_400_144,0
005_400_160,0
005_400_176,0
005_400_192,0
005_400_208,0
005_400_224,0
005_400_240,0
005_400_256,0
005_400_272,0
005_400_288,0
005_400_304,0
005_400_320,0
005_400_336,1
005_400_352,1
005_400_368,0
005_400_384,0
005_400_400,0
005_400_416,0
005_400_432,0
005_400_448,0
005_400_464,0
005_400_480,0
005_400_496,1
005_400_512,1
005_400_528,1
005_400_544,1
005_400_560,0
005_400_576,0
005_400_592,0
005_416_0,0
005_416_16,0
005_416_32,0
005_416_48,0
005_416_64,0
005_416_80,0
005_416_96,1
005_416_112,0
005_416_128,0
005_416_144,0
005_416_160,0
005_416_176,0
005_416_192,0
005_416_208,0
005_416_224,0
005_416_240,0
005_416_256,0
005_416_272,0
005_416_288,0
005_416_304,0
005_416_320,0
005_416_336,0
005_416_352,1
005_416_368,1
005_416_384,0
005_416_400,1
005_416_416,0
005_416_432,0
005_416_448,0
005_416_464,0
005_416_480,0
005_416_496,1
005_416_512,1
005_416_528,1
005_416_544,1
005_416_560,0
005_416_576,0
005_416_592,0
005_432_0,1
005_432_16,1
005_432_32,1
005_432_48,1
005_432_64,1
005_432_80,1
005_432_96,1
005_432_112,1
005_432_128,0
005_432_144,0
005_432_160,0
005_432_176,0
005_432_192,0
005_432_208,0
005_432_224,0
005_432_240,0
005_432_256,0
005_432_272,0
005_432_288,0
005_432_304,0
005_432_320,0
005_432_336,0
005_432_352,0
005_432_368,1
005_432_384,1
005_432_400,1
005_432_416,1
005_432_432,0
005_432_448,0
005_432_464,0
005_432_480,0
005_432_496,0
005_432_512,1
005_432_528,1
005_432_544,1
005_432_560,1
005_432_576,0
005_432_592,0
005_448_0,1
005_448_16,1
005_448_32,1
005_448_48,1
005_448_64,1
005_448_80,1
005_448_96,1
005_448_112,1
005_448_128,1
005_448_144,1
005_448_160,1
005_448_176,1
005_448_192,1
005_448_208,1
005_448_224,1
005_448_240,1
005_448_256,1
005_448_272,1
005_448_288,1
005_448_304,1
005_448_320,1
005_448_336,1
005_448_352,1
005_448_368,1
005_448_384,1
005_448_400,1
005_448_416,1
005_448_432,1
005_448_448,1
005_448_464,1
005_448_480,1
005_448_496,0
005_448_512,1
005_448_528,1
005_448_544,1
005_448_560,1
005_448_576,1
005_448_592,0
005_464_0,1
005_464_16,1
005_464_32,1
005_464_48,1
005_464_64,1
005_464_80,1
005_464_96,1
005_464_112,1
005_464_128,1
005_464_144,1
005_464_160,1
005_464_176,1
005_464_192,1
005_464_208,1
005_464_224,1
005_464_240,1
005_464_256,1
005_464_272,1
005_464_288,1
005_464_304,1
005_464_320,1
005_464_336,1
005_464_352,1
005_464_368,1
005_464_384,1
005_464_400,1
005_464_416,1
005_464_432,1
005_464_448,1
005_464_464,1
005_464_480,1
005_464_496,1
005_464_512,1
005_464_528,1
005_464_544,1
005_464_560,1
005_464_576,1
005_464_592,1
005_480_0,0
005_480_16,0
005_480_32,0
005_480_48,0
005_480_64,0
005_480_80,0
005_480_96,1
005_480_112,0
005_480_128,0
005_480_144,0
005_480_160,0
005_480_176,0
005_480_192,0
005_480_208,0
005_480_224,0
005_480_240,0
005_480_256,0
005_480_272,0
005_480_288,0
005_480_304,0
005_480_320,0
005_480_336,0
005_480_352,0
005_480_368,0
005_480_384,0
005_480_400,0
005_480_416,0
005_480_432,0
005_480_448,0
005_480_464,0
005_480_480,0
005_480_496,1
005_480_512,0
005_480_528,0
005_480_544,0
005_480_560,1
005_480_576,1
005_480_592,1
005_496_0,0
005_496_16,0
005_496_32,0
005_496_48,0
005_496_64,0
005_496_80,0
005_496_96,1
005_496_112,0
005_496_128,0
005_496_144,0
005_496_160,0
005_496_176,0
005_496_192,0
005_496_208,0
005_496_224,0
005_496_240,0
005_496_256,0
005_496_272,0
005_496_288,0
005_496_304,0
005_496_320,0
005_496_336,0
005_496_352,0
005_496_368,0
005_496_384,0
005_496_400,0
005_496_416,0
005_496_432,0
005_496_448,0
005_496_464,0
005_496_480,0
005_496_496,1
005_496_512,0
005_496_528,0
005_496_544,0
005_496_560,0
005_496_576,1
005_496_592,1
005_512_0,0
005_512_16,0
005_512_32,0
005_512_48,0
005_512_64,0
005_512_80,0
005_512_96,1
005_512_112,0
005_512_128,0
005_512_144,0
005_512_160,0
005_512_176,0
005_512_192,0
005_512_208,0
005_512_224,0
005_512_240,0
005_512_256,0
005_512_272,0
005_512_288,0
005_512_304,0
005_512_320,0
005_512_336,0
005_512_352,0
005_512_368,0
005_512_384,0
005_512_400,0
005_512_416,0
005_512_432,0
005_512_448,0
005_512_464,0
005_512_480,0
005_512_496,0
005_512_512,0
005_512_528,0
005_512_544,0
005_512_560,0
005_512_576,0
005_512_592,1
005_528_0,0
005_528_16,0
005_528_32,0
005_528_48,0
005_528_64,0
005_528_80,0
005_528_96,1
005_528_112,0
005_528_128,0
005_528_144,0
005_528_160,0
005_528_176,0
005_528_192,0
005_528_208,0
005_528_224,0
005_528_240,0
005_528_256,0
005_528_272,0
005_528_288,0
005_528_304,0
005_528_320,0
005_528_336,0
005_528_352,0
005_528_368,0
005_528_384,0
005_528_400,0
005_528_416,0
005_528_432,0
005_528_448,0
005_528_464,0
005_528_480,0
005_528_496,0
005_528_512,0
005_528_528,1
005_528_544,0
005_528_560,0
005_528_576,0
005_528_592,0
005_544_0,0
005_544_16,0
005_544_32,0
005_544_48,0
005_544_64,0
005_544_80,0
005_544_96,1
005_544_112,0
005_544_128,0
005_544_144,0
005_544_160,0
005_544_176,0
005_544_192,0
005_544_208,0
005_544_224,0
005_544_240,0
005_544_256,0
005_544_272,0
005_544_288,0
005_544_304,0
005_544_320,0
005_544_336,0
005_544_352,0
005_544_368,0
005_544_384,0
005_544_400,0
005_544_416,0
005_544_432,0
005_544_448,0
005_544_464,0
005_544_480,0
005_544_496,1
005_544_512,0
005_544_528,0
005_544_544,0
005_544_560,0
005_544_576,0
005_544_592,0
005_560_0,0
005_560_16,0
005_560_32,0
005_560_48,0
005_560_64,0
005_560_80,0
005_560_96,1
005_560_112,0
005_560_128,0
005_560_144,0
005_560_160,0
005_560_176,0
005_560_192,0
005_560_208,0
005_560_224,0
005_560_240,0
005_560_256,0
005_560_272,0
005_560_288,0
005_560_304,0
005_560_320,0
005_560_336,0
005_560_352,0
005_560_368,0
005_560_384,0
005_560_400,0
005_560_416,0
005_560_432,0
005_560_448,0
005_560_464,0
005_560_480,0
005_560_496,1
005_560_512,0
005_560_528,0
005_560_544,0
005_560_560,0
005_560_576,0
005_560_592,0
005_576_0,0
005_576_16,0
005_576_32,0
005_576_48,0
005_576_64,0
005_576_80,1
005_576_96,1
005_576_112,1
005_576_128,1
005_576_144,1
005_576_160,1
005_576_176,1
005_576_192,1
005_576_208,1
005_576_224,1
005_576_240,1
005_576_256,0
005_576_272,0
005_576_288,0
005_576_304,0
005_576_320,0
005_576_336,0
005_576_352,0
005_576_368,0
005_576_384,0
005_576_400,0
005_576_416,0
005_576_432,0
005_576_448,0
005_576_464,0
005_576_480,0
005_576_496,1
005_576_512,0
005_576_528,0
005_576_544,0
005_576_560,0
005_576_576,0
005_576_592,0
005_592_0,0
005_592_16,0
005_592_32,0
005_592_48,0
005_592_64,0
005_592_80,1
005_592_96,1
005_592_112,1
005_592_128,1
005_592_144,1
005_592_160,1
005_592_176,1
005_592_192,1
005_592_208,1
005_592_224,1
005_592_240,1
005_592_256,1
005_592_272,1
005_592_288,1
005_592_304,1
005_592_320,1
005_592_336,1
005_592_352,1
005_592_368,1
005_592_384,1
005_592_400,1
005_592_416,1
005_592_432,1
005_592_448,1
005_592_464,1
005_592_480,1
005_592_496,1
005_592_512,0
005_592_528,0
005_592_544,0
005_592_560,0
005_592_576,0
005_592_592,0
